HOG,error,coef_(Intercept)_Estimate,coef_(Intercept)_StdErr,coef_(Intercept)_z.value,coef_(Intercept)_p.value,coef_orb_weavingTRUE_Estimate,coef_orb_weavingTRUE_StdErr,coef_orb_weavingTRUE_z.value,coef_orb_weavingTRUE_p.value,p_adj_bonferroni
N5.HOG0067161,,-0.131216626779275,0.111453883811087,-1.17731766980579,0.239068736853256,0.462570047274562,0.0500096142016384,9.24962239079636,2.25287147327277e-20,2.695110143476215e-16
N5.HOG0062479,,-0.102667206082786,0.0728425255845773,-1.40944050551322,0.158704953937815,0.283759486506481,0.0322464037724067,8.79972503319251,1.3715178584700698e-18,1.6407468140877445e-14
N5.HOG0068083,,-0.116299676540239,0.102022629398412,-1.13994000376204,0.254311297347869,0.391135269647943,0.0453788246588326,8.61933451535114,6.7344350042966696e-18,8.056404595640106e-14
N5.HOG0068230,,0.118417586446776,0.0620176442706744,1.90941768007095,0.0562082318203767,-0.274227878743138,0.0329367523930254,-8.32589307746102,8.3695324032986e-17,1.0012471614066116e-12
N5.HOG0030400,,1.1466277358135,0.302900671311682,3.78549090316683,0.0001534054461762,-1.14460544061033,0.137932302610196,-8.29831315036509,1.0560002429347e-16,1.2632930906227816e-12
N5.HOG0066573,,-0.115956381943508,0.129817329668969,-0.893227292836737,0.37173546501482,0.481546541014106,0.0584227601469878,8.2424476317546,1.68722972407064e-16,2.0184329189057064e-12
N5.HOG0058652,,-2.08367164340846,0.532023765613835,-3.91650106270041,8.98434199622185e-05,2.17446000681438,0.264916092052237,8.20810842395189,2.24700264704938e-16,2.688089266665173e-12
N5.HOG0012041,,-0.833900037304249,0.292098612619263,-2.85485791879196,0.0043056086089495,1.44620429265573,0.178372368175567,8.1077820934253,5.15520811037211e-16,6.167175462438155e-12
N5.HOG0067198,,0.252124053550423,0.106170126800659,2.37471745723543,0.017562387856552,-0.505628005930304,0.0662205273643975,-7.63551765675227,2.24914879214552e-14,2.690656700043686e-10
N5.HOG0029535,,-0.354901601248279,0.232373537181932,-1.52728923246719,0.126689105777589,0.836912048026305,0.114241101143941,7.32584017175935,2.37406602116245e-13,2.840095181116639e-09
N5.HOG0009906,,0.0080745183746158,0.166183508787783,0.0485879641940102,0.96124766181878,0.548364536165135,0.0757182356653896,7.2421726595485,4.41553208013925e-13,5.282301027470584e-09
N5.HOG0066647,,0.25694066321963,0.128940032264559,1.99271443249245,0.0462927260897092,-0.650025391978578,0.0899758093874646,-7.22444617507536,5.03148094344951e-13,6.019160652648649e-09
N5.HOG0054990,,0.233858828396783,0.187589613240774,1.24665126366363,0.212525396165978,0.621256531405144,0.0868780446210554,7.15090370777727,8.62084502082099e-13,1.031311689840815e-08
N5.HOG0067827,,-0.0740141107427088,0.150915679641577,-0.490433538241296,0.623827149041838,0.48418879970956,0.0679472950390662,7.12594665366997,1.03367749780739e-12,1.2365883906269806e-08
N5.HOG0067255,,-0.117893819763823,0.123666487507806,-0.953320678380079,0.340427617492821,0.387890677698839,0.0549893885209722,7.05391873108214,1.73947997618516e-12,2.0809398955103068e-08
N5.HOG0013421,,-0.804581657152539,0.582870804904929,-1.3803773501467,0.167470490261574,1.9213966035568,0.272638331132688,7.04741917827281,1.8226662640455197e-12,2.180455651677655e-08
N5.HOG0040581,,-0.240341983130915,0.172786277233031,-1.39097842131742,0.164231970362514,0.551721709880222,0.0787810994728013,7.00322429583127,2.50137889036602e-12,2.9923995665448696e-08
N5.HOG0063598,,-0.0339396066970161,0.171865246085908,-0.19747800948687,0.843453488483039,0.532410818982064,0.0780570359930286,6.82079215805241,9.05398540523453e-12,1.0831282740282069e-07
N5.HOG0063878,,0.38456274575333,0.118460828875981,3.24632833825547,0.0011690392617796,-0.491653911518646,0.0731143383917815,-6.72445271793517,1.7625363964080002e-11,2.1085222910228907e-07
N5.HOG0068853,,0.129263983639843,0.0990568634686191,1.30494727082484,0.191910803341644,-0.378946010053477,0.0563569668822635,-6.72403131355776,1.7676441886505597e-11,2.1146327428826647e-07
N5.HOG0062008,,0.0262873723357458,0.153079681745131,0.171723458241263,0.863654942755492,0.459396471643903,0.0686547823941697,6.6913979714677,2.2104859727845197e-11,2.644404369242121e-07
N5.HOG0035035,,-0.0447926273066229,0.204651559140875,-0.218872641355198,0.826749258793964,0.63200979184075,0.0950285787785855,6.65073391567098,2.91635102022371e-11,3.4888307254936245e-07
N5.HOG0068321,,0.131955468515897,0.0938630769621173,1.4058293504394,0.159774804333523,-0.346863819077653,0.0522456919807157,-6.6390893856987,3.1562695939310196e-11,3.7758453152196785e-07
N5.HOG0067769,,-0.0282862906594374,0.12104548543678,-0.233683152720395,0.815230967853184,0.355976614130058,0.0536923357520861,6.62993347455977,3.3583819293697795e-11,4.0176323021050673e-07
N5.HOG0067173,,0.204080428660934,0.135903972283199,1.50165168267244,0.1331870883542,-0.606754850124629,0.0916444898972135,-6.62074556588347,3.57391664947374e-11,4.275476487765435e-07
N5.HOG0067189,,0.241295684673064,0.138357159168741,1.74400577550728,0.0811580827510751,-0.6240464896849,0.0945789246534774,-6.59815589965006,4.1630338329501895e-11,4.980237374358311e-07
N5.HOG0068537,,-0.164177937582127,0.108390818934093,-1.51468490778684,0.129852218214618,0.31609413160212,0.0479956563289208,6.58589038632754,4.5216733489650896e-11,5.409277827366936e-07
N5.HOG0067767,,0.125427253578929,0.132226432300408,0.948579277205092,0.342834634744685,-0.56182738332569,0.086093365905492,-6.52579182398827,6.764321690148249e-11,8.092158037924351e-07
N5.HOG0067887,,-0.0623348457249594,0.0953283361595531,-0.653896293968965,0.513178621765192,0.27489961598916,0.0422054594396729,6.51336627153869,7.34850289257432e-11,8.791014010386659e-07
N5.HOG0068054,,0.22958317803681,0.133739617545134,1.71664299817017,0.0860444210422453,-0.571043921651182,0.0877029989772632,-6.51111054707745,7.459721765715159e-11,8.924065148325045e-07
N5.HOG0067655,,0.290839152706808,0.157397448945932,1.84780093104759,0.064631146188448,-0.820630809294841,0.126041790993759,-6.51078346971024,7.475984412058909e-11,8.943520152146073e-07
N5.HOG0063015,,0.259351828155524,0.123261410948624,2.10407966418317,0.0353714984324612,-0.497207016625863,0.0763948289303732,-6.50838575840023,7.596264527637369e-11,9.087411254412585e-07
N5.HOG0059402,,0.523709944998625,0.130310147298882,4.01894983509943,5.8458114427996e-05,-0.542693994051187,0.0836034432744098,-6.49128759290349,8.510583805847069e-11,1.0181211406934848e-06
N5.HOG0058053,,0.530713383915659,0.124096986792054,4.2766016938426,1.8976789000957e-05,-0.49809440740719,0.0769640031847397,-6.47178403924229,9.68524846299952e-11,1.1586462736286325e-06
N5.HOG0056774,,0.0424378261779394,0.213879714989743,0.198419126283082,0.842717154317271,0.639882363837298,0.099507375160023,6.43050188800851,1.27183300725055e-10,1.5214938265738329e-06
N5.HOG0068297,,-0.151866465155199,0.152546531382832,-0.995541909596581,0.319472771640858,0.437112097301903,0.0682035340334703,6.40893618631835,1.46538508336714e-10,1.7530401752321096e-06
N5.HOG0029661,,0.386036872621828,0.138941473679533,2.77841354635562,0.0054625047291917,-0.593747804736592,0.09274163504694,-6.40217098217078,1.53182978139958e-10,1.8325279674883176e-06
N5.HOG0063840,,0.293540519693081,0.130876458630448,2.24288250740297,0.0249043920642308,-0.532682253866864,0.0833252008534778,-6.39281091927462,1.62863608432065e-10,1.9483373476727937e-06
N5.HOG0014288,,-1.94999513149513,0.687324645497651,-2.83708018367834,0.0045528176582668,2.0276758021462,0.320392789560035,6.32871858611617,2.47205481187868e-10,2.957319171450465e-06
N5.HOG0069576,,0.224530151135082,0.157479741765873,1.42577164921246,0.153934266971791,-0.757924079857374,0.119846152057132,-6.32414196741223,2.54643533056262e-10,3.046300585952062e-06
N5.HOG0041015,,-0.0278269612767483,0.160689853826706,-0.173171862529404,0.862516339924095,0.455469072232907,0.0720265065822182,6.32363131082846,2.55486899128061e-10,3.056389774268994e-06
N5.HOG0066999,,-0.116493723668152,0.18308589750891,-0.636279064926246,0.524594547626735,0.524275751649823,0.0830224998732044,6.3148634701499,2.70400087630059e-10,3.2347962483183957e-06
N5.HOG0068259,,-0.029557450115972,0.0528834994434062,-0.558916305219234,0.576218840973432,0.149312229392993,0.0236710293087315,6.30780467742129,2.8302106428933e-10,3.385780992093255e-06
N5.HOG0003965,,-1.75143393835596,0.698726820088031,-2.50660757252068,0.0121895960062534,1.95376527195498,0.310183305917312,6.29874411254038,3.00066873531901e-10,3.5897000080621317e-06
N5.HOG0064145,,0.0518984606296496,0.18359555969405,0.282678190671577,0.777423535982981,0.524201995354913,0.0832524402755769,6.29653609695684,3.04370427043093e-10,3.6411834187165214e-06
N5.HOG0065635,,0.238567304554919,0.116214644978465,2.05281618852018,0.0400904078827641,-0.429681934109595,0.0685327932345268,-6.2697274374791,3.61680647764923e-10,4.326785589211774e-06
N5.HOG0057006,,0.363933610089343,0.109556108050614,3.32189246738492,0.0008940914388687,-0.394250019892285,0.0629986632852237,-6.25806960549837,3.89771862333164e-10,4.662840789091641e-06
N5.HOG0059647,,0.277064252668173,0.151873802855998,1.82430575555467,0.0681058607828144,-0.668961935714356,0.107591271530655,-6.21762273274887,5.04743333223388e-10,6.038244495351391e-06
N5.HOG0036452,,-0.0427872362231381,0.120135833947424,-0.356157149929667,0.721722880013438,0.329579686559621,0.0532185486956795,6.19294765898751,5.90493424571724e-10,7.064072838151534e-06
N5.HOG0062765,,0.520107794232937,0.151052982044354,3.4432143423704,0.000574843517997,-0.655092024357128,0.105832407298883,-6.18990006064088,6.020237214161261e-10,7.202009779301116e-06
N5.HOG0029146,,-1.71130686458054,0.66295633624433,-2.58132665912079,0.0098421404034964,2.65231900845281,0.428639504956773,6.18776145871177,6.10245781681256e-10,7.300370286252866e-06
N5.HOG0068178,,0.28418987532143,0.142457020552549,1.99491660164687,0.0460519765296323,-0.579374021094233,0.094026866719258,-6.16179227607474,7.19261643462579e-10,8.604527040742833e-06
N5.HOG0063704,,0.532263305172256,0.160656502510288,3.31305173992675,0.0009228390621678,-0.742440884362257,0.120741187397808,-6.14902752211742,7.79594520333396e-10,9.326289246748416e-06
N5.HOG0062969,,-0.0471420429047119,0.155985973521214,-0.302219756305848,0.762484544635784,0.427425704271326,0.0696554478699123,6.13628534941848,8.44733693145419e-10,1.0105549171098649e-05
N5.HOG0064600,,0.0061169231814004,0.217988036615353,0.0280608205678461,0.977613642416338,0.618583507909384,0.100891462528105,6.1311779253578,8.72307810866921e-10,1.0435418341400976e-05
N5.HOG0063543,,0.551884178746028,0.171878244707463,3.21090187815995,0.0013231910717256,-0.897795469865553,0.146566126114148,-6.12553182422478,9.038120321942601e-10,1.0812303341139934e-05
N5.HOG0054356,,0.0472520050678336,0.183811645271925,0.257067526912839,0.797126645100167,0.507736168905715,0.0830958556453521,6.11024659367732,9.94773131632743e-10,1.1900470973722505e-05
N5.HOG0059388,,-0.137283335681002,0.236744642433692,-0.579879376655599,0.561995964187435,0.67987735559239,0.111282919193212,6.10944932538992,9.99754927126283e-10,1.1960068193211724e-05
N5.HOG0057165,,-0.0214910457118181,0.172757736963827,-0.124399902948011,0.900998650188166,0.473796673271117,0.0776508741787073,6.10162703617105,1.0499414230282e-09,1.2560449243686356e-05
N5.HOG0026636,,0.258386487216913,0.182943727531931,1.41238232489722,0.157837417945347,0.503954506504351,0.08264740567007,6.09764459535665,1.07642738269141e-09,1.2877300779137339e-05
N5.HOG0067323,,0.261158240901818,0.106914849824165,2.44267509453857,0.0145788556745153,-0.367919589163343,0.0603673021325982,-6.09468331639534,1.09654310001181e-09,1.3117945105441284e-05
N5.HOG0068302,,-0.0667801966354922,0.0619891567150448,-1.07728835451773,0.281351463279769,0.168589503416832,0.0276677804612481,6.0933512051305,1.1057110991848202e-09,1.3227621879548004e-05
N5.HOG0061537,,-0.0026119092080764,0.219173791349009,-0.0119170690619539,0.990491779640063,0.664093830730236,0.109142292629739,6.0846608104811,1.16738181991162e-09,1.3965388711602712e-05
N5.HOG0067954,,-0.0973492833395217,0.197639337381927,-0.492560259658227,0.622323333675,0.542970531557647,0.0899516949684963,6.03624569551258,1.5774102325181601e-09,1.887055861161475e-05
N5.HOG0065328,,0.362640802326378,0.163492826338947,2.21808387833828,0.0265491138341148,-0.737666428997776,0.122399495351964,-6.02671135919795,1.6732944600774102e-09,2.001762162590606e-05
N5.HOG0066023,,0.393949835296386,0.152925189251824,2.57609513006822,0.0099923150651011,-0.635292741741715,0.105471886678604,-6.02333722992543,1.70856928915914e-09,2.0439614406210793e-05
N5.HOG0067308,,0.0738909525687362,0.126812852978259,0.582677156403099,0.560110653977155,-0.457937481575206,0.0763358995938301,-5.99897930085073,1.98561664257875e-09,2.3753931895169587e-05
N5.HOG0056761,,-0.66572865023692,0.38819515249222,-1.71493292990119,0.0863575243796589,1.6643409694443,0.277771439280354,5.99176421361479,2.0757673961817804e-09,2.483240536052264e-05
N5.HOG0056745,,0.109133248746507,0.2496044074819,0.437224846498036,0.661948292161056,0.707261861516665,0.118194487616676,5.98388195404198,2.17881248827489e-09,2.6065133797232508e-05
N5.HOG0068446,,0.151054349677386,0.125788492471964,1.20085984583251,0.2298055725673,-0.450370606461619,0.0753007175296302,-5.98096035783991,2.2182586017709103e-09,2.65370276529854e-05
N5.HOG0066974,,0.313049151974703,0.17133137265872,1.82715603754763,0.0676763117071816,-0.804850556722182,0.135449989501772,-5.94204960578199,2.81480206092504e-09,3.3673477054846257e-05
N5.HOG0065993,,-0.0148388914676723,0.178296579447413,-0.0832258897711996,0.933671927087478,0.475960374569005,0.08016798184719,5.93703824896383,2.90216979338323e-09,3.471865723824358e-05
N5.HOG0061654,,0.13628694034168,0.177994869173088,0.765679038810661,0.443867302250574,0.474930288848748,0.0800192109565121,5.93520334894151,2.9348152017449604e-09,3.510919425847496e-05
N5.HOG0064130,,-0.215383851347744,0.15266947749741,-1.41078527861863,0.158307936532989,0.402835072926631,0.0679844417343768,5.92540091011639,3.1153639508603505e-09,3.7269098944142374e-05
N5.HOG0064332,,0.4340467013021,0.150143921373869,2.89087095455095,0.0038417583535771,-0.592022516232106,0.100083900239835,-5.91526224311224,3.31347225256788e-09,3.963906855746955e-05
N5.HOG0062389,,0.45636717273063,0.154268143059646,2.9582722892709,0.0030936871762686,-0.620948379925881,0.105197732847177,-5.90267834790646,3.5764714852859903e-09,4.2785328378476305e-05
N5.HOG0065229,,-0.184738089290409,0.157213956736505,-1.17507435806119,0.239964968314214,0.413035775058205,0.0700850473036104,5.89335087795435,3.784416268053451e-09,4.527297181472343e-05
N5.HOG0043151,,-1.42635199579752,0.601331744124444,-2.3719885233638,0.017692640264202,1.59449645252761,0.270655483639647,5.89124015181798,3.8330802689290905e-09,4.585513925719871e-05
N5.HOG0058669,,0.348507278113654,0.118009059183857,2.95322478226593,0.0031447288226214,-0.401774573018602,0.0682195675696921,-5.88943300773865,3.87522856677313e-09,4.6359359344306957e-05
N5.HOG0054954,,0.563301183621801,0.130753865562821,4.30810348280801,1.6466034719195e-05,-0.463490965498973,0.0790304109098146,-5.8647166345609,4.499003564548121e-09,5.3821579642689165e-05
N5.HOG0066991,,-0.0670313909172709,0.155649074953857,-0.430657175040344,0.666717661763477,0.405681261447267,0.0693319132976903,5.8512918820716,4.877693557746171e-09,5.835184803131744e-05
N5.HOG0063012,,-0.003961093674134,0.172726185776427,-0.0229327919002463,0.98170388311486,0.452581163784922,0.0773894688736212,5.84809755606409,4.9722692573288504e-09,5.9483257125425036e-05
N5.HOG0062759,,0.0984374214171859,0.147322032447873,0.668178545880543,0.504019628490761,0.382714510971102,0.0654780226390364,5.84493079580166,5.06778904345234e-09,6.062596032682035e-05
N5.HOG0059649,,0.0134525213794213,0.209640267030634,0.064169548961009,0.948835223815167,0.559245386429898,0.0957348764263766,5.84160556012182,5.17001021426128e-09,6.184883219320769e-05
N5.HOG0067423,,0.11674360130465,0.145547721867716,0.802098444459027,0.422496014737948,-0.546970917318222,0.0936868788564101,-5.83828732470148,5.274014862081081e-09,6.309303979507597e-05
N5.HOG0062499,,0.453918367563292,0.164551651665571,2.75851602198329,0.0058064458731365,-0.683440492956968,0.117930789705242,-5.79526767068354,6.8212298115548404e-09,8.160237223563055e-05
N5.HOG0035027,,-2.05522290913808,0.773007045724663,-2.6587376150128,0.0078434020430112,1.98324336205673,0.342239319018482,5.79490213966219,6.8361030869805806e-09,8.178030122954869e-05
N5.HOG0067306,,-0.0625924715220956,0.133449375757824,-0.469035326442326,0.639044385375649,0.342160836312218,0.0591486230387699,5.78476418779763,7.261411980567781e-09,8.686827152353236e-05
N5.HOG0067190,,-0.018991914483139,0.130345326876801,-0.1457046058973,0.88415458519703,0.333971781338172,0.0577512543369602,5.78293554265596,7.3408196302450805e-09,8.78182252366219e-05
N5.HOG0046623,,0.220495798562708,0.137349109830702,1.60536751082328,0.108412949950429,-0.488168305947102,0.0845514207236244,-5.77362629473478,7.75834050897935e-09,9.281302750891997e-05
N5.HOG0064479,,0.32737448791812,0.173449121342392,1.88743814545982,0.0591014185455431,-0.768656393138542,0.13315243106376,-5.77275523246341,7.798568695186751e-09,9.32942773005191e-05
N5.HOG0065673,,0.299057973771835,0.108060848696643,2.76749606706656,0.0056488727035698,-0.346022490094443,0.060114413451636,-5.75606531323523,8.609708567374121e-09,0.00010299794359149661
N5.HOG0060139,,-0.0612978256135936,0.19210488481444,-0.319085200112444,0.749661906134344,0.497291668579451,0.0866843606901004,5.7368095538858,9.647663610734781e-09,0.00011541499977522019
N5.HOG0059821,,0.40124073055625,0.165530869276682,2.42396316958611,0.0153521623750314,-0.671761384116845,0.117528911656056,-5.71571177382065,1.09245772498941e-08,0.0001306907176404831
N5.HOG0060588,,6.61705709215106,0.178638779054877,37.0415490251326,2.45663303252314e-300,-1.96017754132295,0.343398719824314,-5.70816787647257,1.14198755127484e-08,0.00013661597075900913
N5.HOG0067048,,0.27129285237741,0.151793833549633,1.78724554241331,0.0738978114599806,-0.565107037983785,0.0990851227973392,-5.70324809648377,1.17545700564381e-08,0.000140619921585169
N5.HOG0019899,,0.644670539964337,0.142014966175174,4.53945494145413,5.63998306492189e-06,0.358895575731714,0.0630055114390143,5.69625684380174,1.22466342828236e-08,0.00014650648592541871
N5.HOG0047839,,0.397957699192135,0.2321949103161,1.71389501453918,0.0865480088405736,0.60911146646281,0.107224783170647,5.68069664914515,1.34147216938588e-08,0.00016048031562363282
N5.HOG0060905,,0.0180085829195823,0.231097772550657,0.0779262505251314,0.937886717999851,0.605118335624873,0.106618043447822,5.67557156421664,1.38226340366179e-08,0.00016536017098005992
N5.HOG0059333,,0.201354569586825,0.164032154687226,1.22753108968644,0.219623044037209,0.415059436954535,0.0731412350463714,5.67476658948113,1.38877883764941e-08,0.00016613961234799893
N5.HOG0067678,,0.205845187320771,0.120519905835052,1.70797666903672,0.087640671655637,-0.392369938700546,0.0692119872024199,-5.66910378621273,1.43546396765285e-08,0.00017172455445031045
N5.HOG0062997,,-0.199257760251667,0.236259634020367,-0.843384698693344,0.39901332672461,0.620025005400133,0.109386024479075,5.6682287189141,1.44281284353495e-08,0.00017260370047208608
N5.HOG0056527,,-0.0503443673257145,0.312650790338106,-0.161024276545955,0.872074280220537,0.881844123073224,0.155829234312209,5.65904162312973,1.52220637289259e-08,0.00018210154838914057
N5.HOG0065534,,0.0372169667794557,0.16551992409851,0.224848863254105,0.822096851819544,0.41728928839984,0.0738234548713907,5.65252993275386,1.58103254363339e-08,0.00018913892319486245
N5.HOG0066618,,0.106015643300118,0.153139594877561,0.692281074563898,0.488760832786259,-0.564784110204226,0.0999385759906654,-5.65131236467666,1.59227436030562e-08,0.00019048378172336133
N5.HOG0065417,,0.228899196560717,0.150038782958463,1.52560019514479,0.127109463507737,-0.543018054627365,0.0962847542192371,-5.63970961997713,1.70337173361838e-08,0.0002037743604927668
N5.HOG0029401,,-0.232670333892412,0.30982621659343,-0.750970451921875,0.452670438697482,0.857108177023814,0.153255531524084,5.59267367709414,2.23599301416193e-08,0.0002674918442841917
N5.HOG0063204,,0.322933607330809,0.147740779224202,2.18581226541892,0.0288293430435938,-0.520669942657908,0.0932048172066939,-5.58629862985788,2.31960228200303e-08,0.00027749402099602245
N5.HOG0066470,,-0.064202745460951,0.0865630996834737,-0.741687228111221,0.458276859808374,0.214523865090038,0.038441304126573,5.58055638236648,2.39750416872169e-08,0.00028681342370417577
N5.HOG0064789,,0.455074107333012,0.181445004232323,2.50805531548465,0.0121397661329296,-0.791727248709147,0.141923655842787,-5.57854322457819,2.42541210221515e-08,0.0002901520497879984
N5.HOG0065340,,0.277472866762723,0.096507229250753,2.87515110439831,0.0040383418315941,-0.287764704822714,0.0516887547455641,-5.56725938241741,2.58777049308913e-08,0.00030957498408825263
N5.HOG0063148,,0.0010161511245767,0.250007256632811,0.0040644865203618,0.996757017886853,0.648803106472483,0.116576419087365,5.56547466075671,2.61439773788252e-08,0.0003127604013828859
N5.HOG0059162,,0.0860065393050357,0.194461177128041,0.442281285011484,0.658285671960695,0.487448242808066,0.0876003779720646,5.56445364840219,2.62975014552916e-08,0.0003145970099096534
N5.HOG0066673,,0.200316450537944,0.120147711395851,1.66725148744582,0.0954644086427183,-0.380799454442081,0.0684441408224473,-5.56365307338611,2.64184911462778e-08,0.0003160444095829213
N5.HOG0063488,,0.0223220120647109,0.18315853210798,0.121872630271742,0.902999891898149,0.456452542126631,0.0821094285333093,5.55907586108046,2.71206807004551e-08,0.00032444470321954435
N5.HOG0036803,,0.147048197450401,0.209674885131889,0.701315264142888,0.483106289884699,0.528648134149676,0.0951595377628251,5.55538778958001,2.76996111407895e-08,0.0003313704480772648
N5.HOG0066518,,0.281470791910913,0.117807978426457,2.38923369767035,0.0168835589015181,-0.36746419872229,0.0664971265431551,-5.52601620287779,3.27583891308228e-08,0.00039188860917203314
N5.HOG0059939,,0.198940724341549,0.153507461384343,1.29596778259171,0.19498658470584,0.375695391886186,0.0681873310003043,5.50975359168273,3.5933636334594e-08,0.00042987409147074803
N5.HOG0029521,,0.0894895513074466,0.209004778473467,0.428169881861371,0.668527442124414,0.521740790250098,0.0947300610474413,5.50765812331533,3.63638735988694e-08,0.00043502101986327466
N5.HOG0047829,,0.179675971176077,0.145409573145975,1.23565434715706,0.216587073981668,-0.495349449482343,0.0899961820339265,-5.5041162667946,3.71024643168152e-08,0.0004438567806220603
N5.HOG0055199,,-0.137944665948538,0.199424311191352,-0.69171439091083,0.489116707743788,0.493849493823994,0.0899336542763438,5.49126461943287,3.99065911854001e-08,0.0004774025503509414
N5.HOG0062342,,0.503917965465497,0.134868709707299,3.7363593568822,0.0001867037975392,-0.439928924355519,0.0801247972196945,-5.49054649273278,4.00691994355517e-08,0.00047934783284750497
N5.HOG0030535,,0.130599915037104,0.11545964870284,1.13113036895887,0.258000223832465,-0.354431606397928,0.0645955989005381,-5.48693119083343,4.08976346808475e-08,0.0004892584036869786
N5.HOG0060153,,-0.461694690600833,0.310026243705816,-1.48921163925379,0.136431646805446,0.833700645964314,0.152269587633207,5.47516190805328,4.37111765977431e-08,0.0005229168056388007
N5.HOG0068268,,-0.108813491344468,0.179997590878357,-0.604527487359563,0.545493000015094,0.440532093692974,0.0805133060841638,5.47154396109964,4.46131642489351e-08,0.0005337072839100105
N5.HOG0068007,,0.137383005145654,0.119498970675567,1.14965848131564,0.25028456106458,-0.368641276239736,0.0675060737462237,-5.46086086454343,4.73831297197165e-08,0.0005668443808369686
N5.HOG0053081,,0.185448698256944,0.180567473126863,1.02703269335032,0.30440506975518,0.440831622189728,0.0807714495297454,5.45776539552363,4.82164145310802e-08,0.0005768129670353124
N5.HOG0016910,,0.231179654608303,0.128194885363985,1.80334538271096,0.0713339894693226,-0.403836253409107,0.0742158405376125,-5.44137545952126,5.28707491355194e-08,0.0006324927719082186
N5.HOG0028455,,-0.380103649941843,0.305083329811755,-1.24590107947353,0.212800713748148,0.808855671175745,0.148730589319116,5.43839485124519,5.37627233418884e-08,0.0006431634593390109
N5.HOG0062605,,0.551680206663449,0.169367842149247,3.25729016596497,0.0011248138661977,-0.634354428821743,0.116725496268109,-5.43458326674988,5.49246445249272e-08,0.0006570635224517041
N5.HOG0066153,,0.0465782073673027,0.123664337612753,0.376650279833781,0.706433516977643,0.297348467105966,0.0547434538004224,5.43167166963937,5.5828572135951e-08,0.0006678772084623818
N5.HOG0066140,,0.212379341401495,0.132654007460344,1.60100207651083,0.109376459226233,-0.422487268588024,0.0778237721811433,-5.42876882920348,5.67441251099784e-08,0.0006788299686906716
N5.HOG0040236,,9.16744586116165,0.193805548788377,47.3022878781036,0.0,-0.894587911518355,0.164837414413894,-5.42709259726749,5.72794159801714e-08,0.0006852336533707905
N5.HOG0067335,,0.119424364896101,0.0940001881883372,1.27046942349546,0.203917467735773,-0.269101695504101,0.0497646174613258,-5.40749048685507,6.3913936523448e-08,0.0007646024226300084
N5.HOG0065489,,-0.0073739160650654,0.13066326123508,-0.0564345019048531,0.95499567219527,0.312466723461667,0.0578532119176201,5.40102637527892,6.62606816125948e-08,0.0007926765341314717
N5.HOG0061759,,0.403352760475579,0.143384060174981,2.81309344974149,0.0049067389119249,-0.469878645370013,0.0870740468263993,-5.39631109952678,6.8024957968771e-08,0.0008137825721804075
N5.HOG0032600,,0.185201813166974,0.0900836722296244,2.05588658391825,0.0397934495813272,-0.254691219130304,0.0472744509764543,-5.38750242191405,7.14435132620984e-08,0.0008546787491544832
N5.HOG0064290,,0.228404260117038,0.14388232473542,1.58743793260946,0.112413493849681,-0.471196245167929,0.0874618704102317,-5.38744761526169,7.14652953342037e-08,0.0008549393280830789
N5.HOG0066524,,0.198680006990752,0.13324763929671,1.49105836350572,0.135946172514015,-0.42039571376498,0.078055010576046,-5.38589016467309,7.20869760841055e-08,0.0008623764948941541
N5.HOG0047946,,0.443116703295915,0.126402986439066,3.50558729488187,0.0004556010699513,-0.390156884089765,0.0724782105440118,-5.3830921205325,7.32170426697376e-08,0.0008758954814580709
N5.HOG0041512,,0.459522570480608,0.186482676121654,2.46415688597708,0.0137335983669188,-0.76791372691993,0.143071771995838,-5.36733218724842,7.99097993534707e-08,0.0009559609296655701
N5.HOG0064135,,0.271560515513852,0.106664575729581,2.54592973961965,0.0108987122247516,-0.311046307881886,0.0579845560958338,-5.3642957508859,8.12656576531312e-08,0.0009721810625044086
N5.HOG0056235,,0.485095120109667,0.188002491202202,2.58025900086576,0.0098726239196314,-0.782441930745164,0.145948070924124,-5.36109813436274,8.27175640913387e-08,0.000989550219224685
N5.HOG0064339,,0.0271072984477347,0.125096073177575,0.21669184139182,0.82844850657506,0.296635200544338,0.0553770481069763,5.35664522910835,8.47813580234623e-08,0.0010142393860346794
N5.HOG0066571,,0.235385192875112,0.152869320726959,1.53978045925602,0.123613876640899,-0.513596855255816,0.0959239854943204,-5.35420679832185,8.59325373071839e-08,0.001028010943805841
N5.HOG0068508,,0.263151087127834,0.191775756973536,1.37218119370608,0.170007038385842,-0.825381530998442,0.154166396283604,-5.35383553676687,8.61091315781821e-08,0.0010301235410697925
N5.HOG0067410,,-0.0230658382909776,0.112493858233086,-0.205040867592838,0.837540195556758,0.266688218809201,0.0498143039850015,5.35364739592664,8.61987567516513e-08,0.0010311957270200045
N5.HOG0067970,,-0.028917952281799,0.124989573567987,-0.231362916572152,0.817032871923921,0.295902292355963,0.0553297245112734,5.34798058312531,8.89410042655042e-08,0.0010640012340282267
N5.HOG0064358,,0.0449588321091599,0.170291972526204,0.264010284467412,0.791771993975379,0.405182813981901,0.0758504143829576,5.34186684776951,9.19942198198979e-08,0.0011005268517054385
N5.HOG0062257,,0.41549641679667,0.161595519244422,2.57121248620891,0.0101343125574755,-0.56181120124871,0.105214424305939,-5.33967851798624,9.31115441866718e-08,0.0011138934031051549
N5.HOG0065269,,0.114013783787166,0.146589869792158,0.777773961794358,0.436702280743431,0.346034989749764,0.064985783001747,5.32477987901541,1.01075363186907e-07,0.0012091645698049684
N5.HOG0058514,,0.447941119008151,0.151904651192903,2.94883083230489,0.0031897852728743,-0.503613982530684,0.0946023086660107,-5.32348512031213,1.01797783633738e-07,0.0012178068856104076
N5.HOG0066032,,0.0441926597731427,0.135377301947567,0.326440689372424,0.744090956439221,0.318777977902131,0.0599494438309035,5.31744679402353,1.05233441958049e-07,0.0012589076661441401
N5.HOG0055047,,0.285591719705384,0.170895614246793,1.67114715590628,0.0946926150457455,-0.617933058220751,0.116259308614795,-5.31512758490732,1.06582621693262e-07,0.0012750479033164933
N5.HOG0067809,,-0.133805390015197,0.171821244934923,-0.778747645937935,0.436128383331491,0.406474418648719,0.076542045218651,5.31047240098666,1.09341442450183e-07,0.0013080516760315393
N5.HOG0066577,,0.169168041807534,0.125017839272848,1.35315122058964,0.176007325070122,-0.376847114201918,0.071023900209609,-5.30591974095691,1.12106279211329e-07,0.0013411274182051288
N5.HOG0066881,,0.172213756538959,0.132284356115387,1.30184521886128,0.192969302332545,-0.406828510011452,0.0767456774799483,-5.30099574816765,1.15172771493464e-07,0.00137781186537631
N5.HOG0065844,,0.271818687771422,0.118782725044932,2.28836884882546,0.0221160501538643,-0.351511901183258,0.0663236961141993,-5.29994439058415,1.1583795737303e-07,0.0013857694840535579
N5.HOG0063660,,0.690111786973374,0.176039613142032,3.92020735933212,8.84728105795831e-05,-0.651792768788251,0.123015286914106,-5.29846968729472,1.16777258509923e-07,0.0013970063435542089
N5.HOG0060652,,-0.229924811700438,0.256165631655679,-0.89756307360344,0.369418532945458,0.627326731320909,0.118812416409146,5.27997620350239,1.29200665391034e-07,0.0015456275600729398
N5.HOG0065640,,-0.027591078462819,0.144390954474573,-0.191085920605073,0.848458278122091,0.336906746006215,0.0639824502814431,5.26561181268058,1.39723247021099e-07,0.0016715092041134072
N5.HOG0065715,,0.0557714424718418,0.143353764633858,0.389047630624062,0.697240912270155,0.334400128983372,0.0635159578223097,5.26482069150054,1.40326248691045e-07,0.0016787229130909714
N5.HOG0066504,,0.0203973899128516,0.119824108671729,0.170227762500888,0.86483101902684,0.279266563670074,0.0530470905244234,5.26450293332294,1.40569155523405e-07,0.0016816288075264941
N5.HOG0060880,,0.407564089667568,0.163602510387098,2.49118481558282,0.0127317873382435,-0.559258805103208,0.10631108970471,-5.26058764571607,1.43595736473612e-07,0.0017178357954338202
N5.HOG0069317,,0.1976347305324,0.182201854285839,1.08470208114539,0.278053625833092,-0.689605077242985,0.131227266864943,-5.25504412091975,1.47988989380782e-07,0.001770392279962295
N5.HOG0035083,,0.32780139902514,0.142259628814192,2.30424753500016,0.0212087522213629,-0.445516774578215,0.0848597730947862,-5.2500349497822,1.5207035514475e-07,0.0018192176585966442
N5.HOG0067612,,0.153823869817539,0.0946770186764222,1.62472236629317,0.104221729404821,-0.261913968070118,0.0499029389242266,-5.248467800019,1.53369440515976e-07,0.0018347586168926209
N5.HOG0022275,,-0.298673292177626,0.294981498996795,-1.01251533805811,0.311291716807597,0.738591009059821,0.140902404587888,5.24186234592698,1.58963944962842e-07,0.0019016856735904787
N5.HOG0067478,,-0.117876218191084,0.190370398756127,-0.619194049922061,0.535788531150686,0.445916101004225,0.0852152773329876,5.23281874987934,1.66944421696832e-07,0.001997156116759201
N5.HOG0066067,,-0.0454013514720128,0.119924160901146,-0.378583857755214,0.704996911073527,0.277729496311141,0.053092522359603,5.23104731076893,1.6855236081734e-07,0.0020163918924578383
N5.HOG0051834,,0.348214154301761,0.201218476741471,1.73052773254592,0.0835360307939726,0.472641326342916,0.090426905721045,5.22677761197482,1.72489757382144e-07,0.0020634949675625886
N5.HOG0051863,,0.247325845646428,0.213792323853991,1.15685091582305,0.247333275472094,0.503173495376984,0.0965702722855578,5.21043881795324,1.88394501215599e-07,0.002253763418042211
N5.HOG0060292,,0.39883149052993,0.188545968638285,2.11530107702841,0.0344042947413205,-0.729097164105091,0.140182000816552,-5.20107545803414,1.98138631177352e-07,0.002370332444774662
N5.HOG0063854,,0.271320863944983,0.172030316718102,1.57716889162963,0.114756668854013,-0.598313236387176,0.115239434706303,-5.19191401721144,2.08143129502347e-07,0.0024900162582365774
N5.HOG0066883,,0.278941806031109,0.129607972353758,2.15219635771904,0.0313818923943159,-0.38342639942384,0.0739681085850888,-5.18367181151817,2.17559623964537e-07,0.002602665781487756
N5.HOG0068572,,0.127142784529963,0.121994198938037,1.0422035280099,0.297317327723768,-0.353295892059748,0.0681990195959652,-5.18036614239905,2.21450792655557e-07,0.0026492158325384283
N5.HOG0069076,,0.276230663288565,0.155668313374489,1.77448227773909,0.0759834109736268,-0.501344778355328,0.0967806403561141,-5.18021761904633,2.21627191827192e-07,0.002651326095828698
N5.HOG0059178,,0.2388470111888,0.183673479067624,1.30038921460655,0.193467604599013,-0.678545914555202,0.131120040592276,-5.17499774626497,2.27913732059497e-07,0.0027265319766277625
N5.HOG0063487,,-0.0416268495869388,0.121977555777146,-0.341266467603198,0.732902989260275,0.278998413716722,0.054000631072507,5.16657691170515,2.38420119349236e-07,0.0028522198877749105
N5.HOG0054640,,0.552410157423343,0.187187490767979,2.95110616183248,0.0031663806535433,-0.703888341130143,0.136373618184542,-5.16147001524616,2.4501814067287e-07,0.0029311520168695438
N5.HOG0063066,,0.0060697841692877,0.203294484471808,0.0298571020510373,0.976181018187227,0.470884709131733,0.0913347473269372,5.1555921805551,2.52830624715263e-07,0.0030246127634686914
N5.HOG0067146,,0.106469183673903,0.116418697906673,0.914536801977072,0.360434849228642,0.265364790161581,0.051554142763628,5.1473029311778,2.64258388065937e-07,0.003161323096432804
N5.HOG0068538,,0.128745173897787,0.0927683436569499,1.38781365304825,0.165193796281385,-0.249645850261249,0.0485359351446095,-5.14352612177856,2.6962914363589e-07,0.0032255734453161523
N5.HOG0065725,,0.318583774348115,0.15387719234524,2.07037683423114,0.0384170694721984,-0.485567371035338,0.0945421556044643,-5.13598794030892,2.80665657119071e-07,0.003357603256115446
N5.HOG0058004,,0.536706950654005,0.132361524133395,4.05485622931562,5.01651474120211e-05,-0.388539488402772,0.0758090831734081,-5.12523660936532,2.97164323691413e-07,0.003554976804320374
N5.HOG0060138,,-0.060489812607605,0.243131537555315,-0.24879459578066,0.803519671638554,0.56953848983978,0.111273647379651,5.11835913760058,3.08205298269137e-07,0.003687059983193686
N5.HOG0031681,,0.292279679983074,0.170173086065021,1.71754351255872,0.0858799112275423,-0.569474539208888,0.111459246948255,-5.1092623968047,3.23418929791341e-07,0.0038690606570938126
N5.HOG0066973,,0.173936292771801,0.111439554995753,1.56081287993684,0.118567907567543,-0.309071319108863,0.0605030169495101,-5.10836210641832,3.24963430706206e-07,0.0038875375215383424
N5.HOG0047947,,0.713122561104123,0.166191170359851,4.29097743014874,1.77888396005037e-05,-0.545386586233989,0.106844514336737,-5.10448842057647,3.31690582643911e-07,0.0039680144401691075
N5.HOG0060128,,-1.66105137776265,0.473919473377585,-3.50492324344572,0.0004567389435021,1.28769449622733,0.25242257271017,5.10134447328472,3.37249094915803e-07,0.004034510922477751
N5.HOG0018044,,0.58833550542042,0.184818252759717,3.18331926979809,0.0014559697475929,0.420333516135841,0.0824599389952191,5.09742695977754,3.44301191737917e-07,0.004118875156760701
N5.HOG0058420,,0.0194747098115471,0.194228509203859,0.100266999378071,0.920132356111657,0.442832245503412,0.0869056948462611,5.0955492190333,3.47731660008924e-07,0.004159913848686758
N5.HOG0058808,,0.342193399367646,0.18143897163514,1.88599723799014,0.0592953268570057,-0.639559985708903,0.125561877816211,-5.09358411033839,3.51357065092911e-07,0.004203284569706494
N5.HOG0059995,,0.342194392283477,0.133319061422408,2.56673268347779,0.0102661721350486,-0.388238021308741,0.0763414412621866,-5.08554744172799,3.66567184781241e-07,0.004385243231537986
N5.HOG0071908,,-0.750120642259531,0.423719957832754,-1.77032171459719,0.0766735627151057,1.17811289369232,0.231683812879861,5.08500304379585,3.6762017354074e-07,0.004397840136067872
N5.HOG0067605,,0.211389082110986,0.112888825001034,1.8725421414303,0.061131637404617,-0.311106886458179,0.0613705627703387,-5.06931780342972,3.99244111665262e-07,0.0047761573078515295
N5.HOG0067470,,-0.340232396489842,0.356660649508726,-0.953938700438323,0.340114672321585,0.908463299954015,0.179232892851807,5.06861930028185,4.00711791813552e-07,0.004793715165465523
N5.HOG0029793,,-0.0594401690401345,0.275943692303885,-0.215406877192451,0.829450108633477,0.65242659072532,0.128788610403805,5.0658718086925,4.06535438001164e-07,0.004863383444807925
N5.HOG0065634,,0.44966663964842,0.140321223203943,3.20455188018761,0.001352729089197,-0.414285366122759,0.0818407478310457,-5.06209164874716,4.146815823247e-07,0.004960835769350386
N5.HOG0009763,,0.543323686785162,0.493330280756816,1.10133861224098,0.270749312076384,1.84232965605144,0.363985591322053,5.06154556656983,4.15871316495401e-07,0.0049750685592344825
N5.HOG0066176,,0.335319909642785,0.156027360245483,2.14910967611843,0.0316257069123252,-0.484930226776401,0.0958176438360914,-5.0609700610666,4.17128718545914e-07,0.004990110859964769
N5.HOG0067691,,0.18949873157537,0.132702949496145,1.42799185922295,0.153294201699192,-0.382403703628161,0.0756806438030357,-5.0528600763941,4.35242761960082e-07,0.005206809161328462
N5.HOG0062362,,0.0869573064289304,0.146575359585058,0.593260058683117,0.55300712458007,0.327734392319845,0.0649265186644938,5.04777399221734,4.46987470034668e-07,0.005347311104024733
N5.HOG0046871,,0.703478778603309,0.202763344961454,3.46945735550498,0.0005215108504861,-0.817380593496268,0.161941344072936,-5.0473867447224,4.47894113772019e-07,0.005358157283054663
N5.HOG0057966,,0.514393811957484,0.2085576526941,2.46643460603177,0.0136465644029452,-0.896554388858119,0.177664125534729,-5.04634453443931,4.50343010605224e-07,0.005387453435870295
N5.HOG0055518,,0.466745162816667,0.138888697771715,3.36056979657075,0.0007778187504167,-0.406219045375039,0.0805424578531355,-5.04353922394268,4.56999033663036e-07,0.0054670794397109
N5.HOG0058539,,-0.0829136711337293,0.329832086438644,-0.251381459059936,0.801519201088518,0.811392468421511,0.160917302876521,5.0422947310031,4.59982074306788e-07,0.005502765554932105
N5.HOG0064348,,0.0256979566569952,0.134277457672214,0.191379529390009,0.84822825682882,0.299542458229167,0.059442509848337,5.03919600624917,4.67491527799862e-07,0.005592601147069749
N5.HOG0052434,,0.292042870922404,0.136962882922545,2.13227748051682,0.032984042201819,0.305355381499841,0.0606350674245908,5.03595352441223,4.75475923997148e-07,0.005688118478777882
N5.HOG0071696,,-2.47422329101973,1.38239892567512,-1.7898041188157,0.0734854068204187,4.37552327363507,0.869537237151503,5.03201368117224,4.85354619088726e-07,0.0058062973081584295
N5.HOG0065727,,0.396145386958066,0.110759085034,3.57664011793217,0.0003480387997353,-0.300272144167129,0.0597945893320429,-5.02172767672507,5.1208754431829e-07,0.0061261032926797025
N5.HOG0062687,,0.421045411759303,0.139330898490721,3.02190982991001,0.002511853596489,-0.403913177313897,0.0806671961017331,-5.00715528533436,5.5240360358938e-07,0.006608404309739753
N5.HOG0067353,,-0.374053149974874,0.231730628210312,-1.6141722519105,0.106490068938383,0.525778857623544,0.105111265102086,5.00211711002525,5.67041252126006e-07,0.006783514499183409
N5.HOG0067223,,0.267186404082934,0.175814627597817,1.51970520162938,0.12858508369957,-0.58030717251035,0.116128506748318,-4.99711215410731,5.81952258472908e-07,0.006961894868111398
N5.HOG0060834,,0.428112005976331,0.137403641152968,3.11572533583534,0.0018349309544829,-0.394848348101821,0.0790451571525208,-4.9952250375054,5.8767199360462e-07,0.007030320059492069
N5.HOG0057845,,0.174259818719517,0.12136804106321,1.43579658362254,0.151060232250261,-0.334062337674249,0.066980359220181,-4.98746709578107,6.1176034675826e-07,0.007318489028269065
N5.HOG0043966,,0.553340173590495,0.165957992026516,3.33421829725491,0.0008553949664323,0.367137799394256,0.073669672659978,4.98356767633242,6.24224667204117e-07,0.007467599693762852
N5.HOG0063925,,0.215184303343602,0.117320919738044,1.83415117972199,0.0666315560294373,-0.319158539784956,0.0641147459416694,-4.97792723183091,6.42688079110964e-07,0.007688477490404463
N5.HOG0064701,,0.292545256181605,0.135577897773021,2.15776510026267,0.0309460995787102,-0.385795647360752,0.0775028277251636,-4.97782672819165,6.43021792844291e-07,0.007692469707796253
N5.HOG0060628,,0.358752143660965,0.123895727053438,2.89559738816683,0.003784375833562,-0.341797258317009,0.0687285124088961,-4.97315082688691,6.58733694547154e-07,0.007880431187867604
N5.HOG0063548,,0.332829383470193,0.167390302036927,1.98834328763425,0.0467737363828376,-0.527235534265311,0.106130244002493,-4.96781609446716,6.77111305486752e-07,0.008100282547538014
N5.HOG0044216,,0.17198774997699,0.166840112623358,1.03085371540867,0.302609424258396,-0.524037288746934,0.105523944276831,-4.96605099760273,6.83299933536273e-07,0.008174317104894434
N5.HOG0054828,,-0.896932423359178,0.481575664112654,-1.86249532565533,0.0625333037080033,1.14679368145656,0.230965207486285,4.96522265815582,6.86222941117912e-07,0.00820928504459358
N5.HOG0028311,,-0.451506551666784,0.343429738366243,-1.31469847024513,0.188611260911129,0.838328846819721,0.168911632116994,4.96312087162279,6.93693804814748e-07,0.00829865898699883
N5.HOG0041446,,-0.49135303632387,0.338472046707626,-1.45167980961306,0.146590655852036,0.820572479777481,0.165586042297636,4.95556550776501,7.21202183676252e-07,0.008627741723319003
N5.HOG0029085,,0.177204800666281,0.155074914474515,1.14270448748436,0.253161306012129,0.340381619954639,0.0687277402951355,4.95260892461978,7.32250432811915e-07,0.00875991192772894
N5.HOG0022801,,-0.43060470946547,0.333162402765011,-1.2924768998295,0.19619204068408,0.801795958103934,0.162079317447256,4.9469356777422,7.53908746812085e-07,0.009019010338112973
N5.HOG0067868,,0.126519343571225,0.0999971930319247,1.26522895028496,0.205789267415592,-0.260140136055082,0.0526502846090271,-4.94090654944872,7.77601735317819e-07,0.009302449559607068
N5.HOG0046245,,0.456361054050234,0.195560740233528,2.33360261116455,0.019616539746196,-0.703879635982635,0.142472869938102,-4.94044681130125,7.7943753133685e-07,0.009324411187382736
N5.HOG0061635,,0.463638929027961,0.128052354583632,3.620698194387,0.0002938090837199,-0.353760958802039,0.0716082635979188,-4.94022534589598,7.80323361605427e-07,0.009335008374885722
N5.HOG0052799,,0.322990926315825,0.249277186209246,1.29570993329772,0.195075437833785,0.562539231308541,0.11391505180509,4.93823443341842,7.88330393824407e-07,0.00943079650132138
N5.HOG0043617,,0.0139572904670012,0.665472504917598,0.0209735043354338,0.983266791503098,-2.65377055643108,0.537406105990664,-4.93811016817359,7.88832777808785e-07,0.009436806520926495
N5.HOG0054225,,0.122538846263288,0.231974310227343,0.528243175475747,0.597330566130241,0.518214888534995,0.105071080908111,4.93204109119421,8.13747922626683e-07,0.009734866398383009
N5.HOG0056928,,0.335149875554853,0.156963510309054,2.13520884500454,0.0327439547436081,-0.470059011828613,0.0953332733999168,-4.93069203505418,8.19388227254221e-07,0.009802341362642245
N5.HOG0065850,,-0.0473138889532582,0.137845935960467,-0.343237460165872,0.731419825390566,0.300749961381427,0.061022833944012,4.92848237198166,8.28708100190653e-07,0.009913835002580782
N5.HOG0057967,,0.477108481846549,0.180075679992225,2.6494887142292,0.0080613664621683,-0.590616586593303,0.119904074732756,-4.92574241458998,8.40406482734111e-07,0.01005378275294817
N5.HOG0028613,,-0.0829020110912243,0.184924625182353,-0.4483016310536,0.653935523666834,0.405491885897279,0.0823706878815461,4.92276920742,8.5328063173928e-07,0.010207796197497006
N5.HOG0056839,,0.38140724017605,0.151276044129252,2.52126661806526,0.0116933214639198,-0.44328202954921,0.0900915175400927,-4.92035256651038,8.6388453956615e-07,0.010334650746829852
N5.HOG0019044,,-0.673567314761961,0.447198368312422,-1.50619358765503,0.132017485080081,1.39052056149539,0.282642244911884,4.91971949178684,8.66683296906532e-07,0.010368132280892842
N5.HOG0031119,,0.0863596222532422,0.15095441615369,0.572090730789338,0.567260508451255,0.328735682090382,0.0668686720424336,4.91613893396555,8.82677659523407e-07,0.010559472840878518
N5.HOG0055690,,0.438760780397589,0.170909909442244,2.56720503702485,0.0102521971090398,-0.536430424877753,0.109125800491731,-4.91570666570643,8.84627723119544e-07,0.010582801451679105
N5.HOG0064844,,0.0921421907240231,0.159852502209878,0.576420071317027,0.564331281003806,0.347893996234272,0.0708724456584373,4.9087341773263,9.16661263701515e-07,0.010966018697661225
N5.HOG0065097,,-0.0156977861598087,0.191865364281312,-0.0818166750346492,0.934792495770303,0.419929559521754,0.0856000665008919,4.90571534214146,9.30874470732668e-07,0.011136051293374907
N5.HOG0059000,,0.403215696200703,0.190457089207255,2.11709471082972,0.0342518105010648,-0.653159132215559,0.133234937812603,-4.90231123261554,9.47156150884783e-07,0.011330829033034659
N5.HOG0067483,,-0.0274129495088164,0.105753331673742,-0.259215942183151,0.795468631304946,0.22940639699467,0.0469107900238201,4.89026931497388,1.00698108211067e-06,0.012046514685289946
N5.HOG0068226,,0.0867810289320695,0.102011605081721,0.850697612909331,0.394937349556173,-0.26305723843269,0.0538063795263944,-4.88896002199235,1.01370077411793e-06,0.012126902360772797
N5.HOG0064617,,-0.085147728904529,0.174136810974856,-0.488970301154899,0.624862722934098,0.377873865333898,0.0773644605039113,4.88433400650153,1.03779027258991e-06,0.012415085030993095
N5.HOG0067555,,-0.0380407577042569,0.213093475693384,-0.178516763971662,0.858317156902731,0.467145208693033,0.0956818610645726,4.88227552741446,1.04868586039105e-06,0.012545428947858133
N5.HOG0069750,,-0.85222924285202,0.364132548879357,-2.34043686969159,0.019261194458486,0.886401662448277,0.181743368388452,4.87721599037226,1.07593601477633e-06,0.012871422544769235
N5.HOG0067650,,0.276872843643985,0.150932889958375,1.8344102714812,0.0665931160501435,-0.435933844476845,0.0894092008393785,-4.87571570245874,1.08414655562544e-06,0.012969645244947137
N5.HOG0035174,,0.602242087580345,0.249624167553844,2.41259527665902,0.0158393970092317,0.555165284286744,0.113896454646208,4.87429820367308,1.09195939625745e-06,0.013063110257427873
N5.HOG0051491,,0.153874190136287,0.196870105576342,0.781602619076253,0.434448147213134,0.428082447621345,0.0879193729890929,4.86903435576652,1.12144911191042e-06,0.013415895725784353
N5.HOG0060266,,0.416213102386529,0.17800417279585,2.33822104195207,0.019375784498602,-0.566143143236207,0.116287552089656,-4.86847588639341,1.12462242374762e-06,0.013453858055292778
N5.HOG0064389,,-0.0887796560535862,0.216120823703198,-0.410787144581258,0.681228620373285,0.472254917896224,0.0971180796710966,4.86268797216315,1.15802319826447e-06,0.013853431520837855
N5.HOG0053694,,0.162210879410572,0.219799482572701,0.737994819241301,0.460517597359141,-0.945523862372567,0.194856757563662,-4.85240478285005,1.21973349564052e-06,0.01459167180834754
N5.HOG0067730,,-0.0146184145868042,0.0824772091549792,-0.177241867621095,0.8593184106259,0.178279623233113,0.03676560075126,4.84908772303966,1.24030565594361e-06,0.014837776562053408
N5.HOG0032276,,0.397122832099923,0.152950733833021,2.59641011290255,0.0094203550317041,-0.440816698242505,0.0909258125822361,-4.84809193037254,1.24654635542756e-06,0.0149124340499799
N5.HOG0065525,,0.44584349574145,0.21945942627683,2.03155318185811,0.0421989104544723,-0.933902394884728,0.192724178362097,-4.84579777598055,1.26103914495895e-06,0.015085811291143917
N5.HOG0067552,,0.253356214837473,0.176263097325989,1.4373752571073,0.150611395421524,-0.551265214919927,0.113833626823222,-4.8427273232365,1.28068985024965e-06,0.015320892678536563
N5.HOG0063241,,0.0589678389749541,0.159393721761722,0.369950825686253,0.711419130348096,0.341028171883826,0.070643991727657,4.82741933947532,1.38313680364286e-06,0.016546465581979534
N5.HOG0057868,,0.288923432402194,0.186887040525149,1.54597895921689,0.122109649438204,-0.609668354500977,0.126313126540934,-4.8266428929174,1.38853776844162e-06,0.0166110773238671
N5.HOG0060349,,0.509002346654416,0.17908597350299,2.84222341201903,0.0044800085173417,-0.563139209127406,0.116722334436916,-4.82460543514714,1.40280694340436e-06,0.016781779463946357
N5.HOG0069196,,0.194036324337531,0.178979832123161,1.0841239598661,0.278309840727264,-0.561476951501975,0.116503169370241,-4.81941353644749,1.43980834989703e-06,0.01722442728981817
N5.HOG0068408,,-0.123584668925996,0.144172604241013,-0.857199393578267,0.391334697574713,0.307618152728794,0.0638290239638061,4.81940868942673,1.4398433279815e-06,0.017224845732642685
N5.HOG0019085,,0.507104637458096,0.198491869867022,2.55478795074996,0.010625250506242,-0.68802452239028,0.142778716350683,-4.81881711767461,1.44411849274683e-06,0.01727598952873033
N5.HOG0043283,,0.389447403000805,0.214002767682296,1.81982414161564,0.0687857900440554,-0.835819111444378,0.173502462597753,-4.81733284317777,1.45489883252701e-06,0.01740495473352062
N5.HOG0062343,,0.296241728645636,0.118715241167267,2.49539760634641,0.0125816061375294,-0.310530421194434,0.0645139531526629,-4.81338386534164,1.48395853302904e-06,0.017752595930626405
N5.HOG0067606,,0.389002199348789,0.216666680313162,1.79539465314436,0.0725908437598652,-0.86644636579318,0.180099531670672,-4.8109306990179,1.50229103363687e-06,0.017971907635397875
N5.HOG0068053,,-0.207128597985865,0.213427808235239,-0.970485522474979,0.331804537862708,0.460246555618584,0.0957323817230335,4.80763715824117,1.52724633961544e-06,0.01827044796081951
N5.HOG0037775,,0.561351941715813,0.227067915685461,2.47217639718598,0.0134293234091361,-1.06428297858686,0.221638214369335,-4.80189294799744,1.57172717339658e-06,0.018802572175343285
N5.HOG0058342,,0.64853082111137,0.165058835903557,3.92908878559101,8.52683551106422e-05,-0.486063597137832,0.101449735580516,-4.79117657977595,1.65806121247149e-06,0.019835386284796436
N5.HOG0062452,,0.440041967883545,0.199209739257352,2.208938024436,0.027178951934431,-0.683887391148374,0.142820661571262,-4.78843455578827,1.68087360043442e-06,0.020108290881996966
N5.HOG0065675,,0.0091674465781461,0.128468970628029,0.0713592280947729,0.943111858116186,0.272241165041863,0.0568809622693001,4.78615610883921,1.70005842722172e-06,0.020337798964853437
N5.HOG0066723,,-0.119734808527503,0.223155030021146,-0.536554378882507,0.591575464113168,0.480488376271347,0.100410980789902,4.78521743828706,1.70802321541702e-06,0.02043308172603381
N5.HOG0068041,,-0.0691414817555346,0.105777487322042,-0.653650256836144,0.513337157713224,0.224587419287945,0.0469372577604503,4.78484321419356,1.71120856244811e-06,0.02047118803256674
N5.HOG0057000,,-1.49538252533614,0.461760437523134,-3.23843795141332,0.0012018616069285,1.44161125046579,0.301341928837916,4.78397166974131,1.71864918263662e-06,0.020560200171881884
N5.HOG0063436,,0.137409948384434,0.146274794778822,0.939395940306786,0.347527496586235,0.309563783618657,0.0647618419081211,4.78003365095517,1.75265856247736e-06,0.02096705438291666
N5.HOG0060071,,0.189380812875383,0.13393881490062,1.41393525854249,0.157380912349707,-0.359212736121667,0.0751775408336128,-4.77819215870199,1.76878304003685e-06,0.021159951507960836
N5.HOG0057901,,0.3497584372678,0.154933024045637,2.25748151126757,0.0239780034928659,-0.439600456811521,0.0920229659166902,-4.77707333633974,1.77864918976084e-06,0.02127798025710893
N5.HOG0064486,,0.276685642747776,0.131877541026403,2.09804975581386,0.035900750309304,-0.35098659659625,0.0736092338198265,-4.76824140644312,1.85841016444635e-06,0.022232160797271687
N5.HOG0030453,,0.415171305113045,0.163168449140201,2.54443372662268,0.0109455080023776,-0.473862587049796,0.0993814761884738,-4.76811781454253,1.859550338073e-06,0.0222458006943673
N5.HOG0051023,,0.0085945013026748,0.200516511195437,0.0428618134807765,0.965811689186754,0.426122416941256,0.0895261962116002,4.75975116751405,1.93831778292955e-06,0.02318809563718621
N5.HOG0063539,,-0.172765668864214,0.259585592453663,-0.665544136063921,0.505702523686755,0.564494607543692,0.118675288767229,4.7566314218194,1.96850103711023e-06,0.023549177906949683
N5.HOG0057977,,0.268896626162328,0.152114994475883,1.76771939603206,0.0771078257701529,-0.425318823381913,0.0894224062657646,-4.75628918011734,1.9718395449518e-06,0.023589116476258384
N5.HOG0065550,,0.276605545621672,0.204547302700646,1.35228156015571,0.176285261018813,-0.710359555875031,0.149798874273673,-4.74208874612269,2.11525919201716e-06,0.025304845714101288
N5.HOG0063199,,0.0693624301850694,0.121314228957934,0.57175840609036,0.567485659676405,0.25440633006149,0.053741875798899,4.73385653700427,2.20293463019952e-06,0.02635370698107686
N5.HOG0066346,,-0.0118505104127447,0.168374775264896,-0.0703817444988472,0.943889820991463,0.353186704811385,0.0746735421224892,4.72974355806025,2.24803615282681e-06,0.026893256496267125
N5.HOG0067648,,0.0652979438688607,0.077576848984007,0.841719465588533,0.39994499982619,-0.184746961979186,0.0391133987648259,-4.72336763905381,2.31970955204667e-06,0.027750685371134315
N5.HOG0051864,,0.706992258206561,0.229180751509403,3.08486752726942,0.0020364283412812,-1.01492170576729,0.214950272819466,-4.72165814192621,2.3392963751325e-06,0.027985002535710096
N5.HOG0037427,,0.265418227619646,0.260432991663479,1.01914210609157,0.308135506877064,0.561776481332989,0.118993753247745,4.72105859341516,2.34620332904572e-06,0.028067630425373948
N5.HOG0060417,,0.197525641040377,0.154105135534239,1.28175897808733,0.199927208564748,-0.428349272782653,0.0907899643689833,-4.71802446184229,2.38145865103435e-06,0.02848938984232393
N5.HOG0044966,,0.321439493133642,0.162214119234069,1.98157530707803,0.0475267931258895,-0.461718028461027,0.0979177209782612,-4.71536739058228,2.41274993876466e-06,0.02886372751744163
N5.HOG0071054,,-0.455094815940859,0.333711958784633,-1.36373541301396,0.172650854225552,0.754523132799205,0.160125760057881,4.71206589449732,2.45218054307554e-06,0.029335435836812685
N5.HOG0065178,,0.0173446265211545,0.140726747360537,0.123250390181463,0.901908824115328,0.293468970385544,0.0622957502127314,4.71089872717462,2.46626775383465e-06,0.02950396113912392
N5.HOG0049750,,0.800366562725696,0.213711661592197,3.74507669241256,0.0001803386778971,-0.779281741599576,0.165481284610016,-4.70918353961346,2.48711038579684e-06,0.0297533015452876
N5.HOG0054004,,0.388898372562867,0.140242034008072,2.77305142722389,0.0055533343812537,-0.374364304901953,0.0795364843395743,-4.70682489942146,2.51604844074285e-06,0.030099487496606715
N5.HOG0033288,,0.285699770320362,0.1031393965046,2.77003531145946,0.0056050215708638,-0.254659190452562,0.05412483800216,-4.70503376735094,2.53823938852371e-06,0.030364957804909144
N5.HOG0059617,,-0.151287330144007,0.724278103462487,-0.208880165534154,0.834541788238197,-1.52295264084468,0.323725413658306,-4.70445808883006,2.5454114740138e-06,0.03045075746362709
N5.HOG0055556,,-0.329874713956658,0.284599262963909,-1.15908492004243,0.24642157205457,0.619476578182871,0.13174943358063,4.70192972635254,2.57714203278811e-06,0.03083035013824416
N5.HOG0062582,,0.289218777431393,0.111138644546153,2.60232413857888,0.0092594290768385,-0.277870641606126,0.0591578292711852,-4.69710679092601,2.63872506995002e-06,0.03156706801181209
N5.HOG0032701,,0.83496246135672,0.217155643087822,3.8449954580229,0.0001205546714683,-0.809311097982539,0.172301294500201,-4.69706916787902,2.63921097745077e-06,0.03157288092324356
N5.HOG0053439,,0.458009936873181,0.168554843995867,2.71727543400896,0.006582180589072,-0.486785488412789,0.103654347691922,-4.69623801849195,2.64996733082782e-06,0.03170155917869321
N5.HOG0049336,,0.17413716854069,0.262571710932197,0.663198514121946,0.507203423010606,0.563613543596055,0.120017871419362,4.69608014981949,2.65201514379185e-06,0.031726057165181905
N5.HOG0049403,,0.597298899006222,0.1750974732452,3.41123654120231,0.0006466896336246,-0.517227082378592,0.110174777479552,-4.69460519196045,2.671221266779e-06,0.03195582001447717
N5.HOG0059302,,0.429013459789255,0.173089465307847,2.47856482210652,0.0131912139299016,-0.507400710961846,0.108104082889662,-4.69363133564281,2.68397540002482e-06,0.03210839771049692
N5.HOG0067544,,0.115743589618187,0.146606155749098,0.789486560279714,0.429827681812815,0.304537819389492,0.064903556853683,4.69215916896565,2.70336667894683e-06,0.03234037558024092
N5.HOG0059007,,0.417869295859306,0.156849677317349,2.66413870277747,0.0077185729988112,-0.43506694552525,0.0928559126127457,-4.68539841226579,2.79415863736371e-06,0.03342651977878206
N5.HOG0044087,,1.16505017246926,0.173813510325984,6.70287465159775,2.0435875979871397e-11,-1.09254031908476,0.233216598082401,-4.6846593598743,2.80425914198406e-06,0.03354735211555531
N5.HOG0041352,,0.10158196500847,0.166398579649128,0.610473750573285,0.54154802663013,-0.474998454270262,0.101434284068167,-4.68281960713646,2.82955512387045e-06,0.033849967946862194
N5.HOG0057203,,0.157645215045346,0.209819810049991,0.751336182259371,0.452450359103646,0.439197580778358,0.0938361858730482,4.68047136285518,2.86216090873252e-06,0.034240030951167136
N5.HOG0064265,,0.416884448570568,0.167573761023107,2.48776685577333,0.0128547972965864,-0.479322267201109,0.102479315323563,-4.67725868081499,2.9073540511303e-06,0.03478067651367178
N5.HOG0062052,,0.157400115453352,0.141642788914163,1.11124693787792,0.266462072423714,0.293258709154262,0.0627012368951737,4.67708012912956,2.90988573652839e-06,0.03481096306608913
N5.HOG0064997,,0.290459360103508,0.164604412438829,1.76459036425558,0.0776326360789332,-0.466216943712841,0.0996906123735457,-4.67663837760273,2.91615842738093e-06,0.034886003266758066
N5.HOG0053780,,0.190517889085957,0.144722552179957,1.31643538768619,0.188027951479878,0.299280077032357,0.064066260420208,4.67141479882533,2.99132175058273e-06,0.035785182102221195
N5.HOG0069743,,-0.462329819277186,0.263877387526715,-1.75206304568397,0.0797629677236097,0.563313828809194,0.120606968555062,4.67065738868994,3.00237340598135e-06,0.03591739305575489
N5.HOG0038377,,0.47040068296296,0.185012681614641,2.54253210567882,0.0110052490129519,0.38342939730287,0.0822349128780281,4.66261085327076,3.12222806862276e-06,0.03735121438493408
N5.HOG0066615,,-0.0037796496422927,0.0942675532514161,-0.0400949161395147,0.968017454877281,0.195454117147958,0.0419382237102971,4.66052445373284,3.15404683783607e-06,0.03773186232103291
N5.HOG0048419,,-0.971957164175703,0.448125112671483,-2.16894152256144,0.0300871238104587,1.12058543916268,0.240686066789021,4.65579688144124,3.22729988827419e-06,0.038608188563424135
N5.HOG0030973,,-0.25005527156657,0.27196840291497,-0.919427657354555,0.357871928555839,0.580967245228034,0.124783949176365,4.65578505138442,3.2274852238167e-06,0.038610405732519185
N5.HOG0066135,,0.203033141684178,0.172998511818324,1.1736120707061,0.240550444119401,-0.500358330191307,0.107475181172369,-4.65557093957193,3.23084137062899e-06,0.03865055531683461
N5.HOG0057164,,0.443295390432785,0.229928977241179,1.92796660843579,0.0538592796788835,-0.95998366847855,0.206247865324936,-4.65451444535501,3.24745070778532e-06,0.03884925281723579
N5.HOG0064036,,0.373240152436679,0.119604276228839,3.12062548434772,0.0018046739042538,-0.300134228081368,0.0645640779770357,-4.64862563650518,3.34154062073054e-06,0.03997485044579945
N5.HOG0062093,,0.404860046869997,0.223214866104672,1.81376829390989,0.0697134057728805,-0.851238681059447,0.183258083124435,-4.64502665610358,3.40032547761675e-06,0.040678093688729176
N5.HOG0032784,,0.59052274397209,0.197729246510683,2.98652199607803,0.0028217053830373,-0.630742875416629,0.135882505841,-4.64182546173148,3.45344524806874e-06,0.04131356550264634
N5.HOG0063558,,0.466235866597402,0.15232413963934,3.06081404891775,0.0022073613629828,-0.410673179389505,0.0886132751074733,-4.63444307742182,3.5789969569555e-06,0.042815540596058646
N5.HOG0058409,,0.439726328037319,0.174973471331595,2.5131028417673,0.0119674442433218,-0.505515463836784,0.109125344824364,-4.63242947502621,3.61399465030336e-06,0.043234218001579096
N5.HOG0060355,,0.414778401959391,0.22628603116963,1.83298279533862,0.0668051296850663,-0.877843827244729,0.189850198919936,-4.62387625737982,3.76634602324614e-06,0.04505679747609358
N5.HOG0068688,,-0.683090951599389,0.386203857384275,-1.7687315611654,0.0769386826741907,0.891618714511772,0.19306995094648,4.61811229629895,3.87246684292814e-06,0.04632632084194934
N5.HOG0055394,,0.349944784009488,0.143543866783969,2.43789436532421,0.014773090322448,-0.376365389711451,0.0815215864937326,-4.61675742461644,3.89782435866547e-06,0.04662967280271502
N5.HOG0022741,,0.273582107722784,0.209921066958208,1.30326180067125,0.192485397647636,-0.707617544786872,0.15339541557792,-4.61302928852801,3.968423572872e-06,0.04747425120226773
N5.HOG0039422,,0.321333898678053,0.206830521569989,1.55360967152673,0.120277550929552,0.425735894304641,0.0923409005728235,4.61048020610206,4.01739892871242e-06,0.04806014338418668
N5.HOG0064840,,0.275399635276492,0.137034102543443,2.00971604998241,0.0444612502675437,-0.353060263635611,0.0765946462167005,-4.60946399095229,4.03708445757792e-06,0.04829564136600466
N5.HOG0066701,,0.203043644824026,0.124607806330021,1.62946167502757,0.103215321707061,-0.312256929554682,0.0677919086938651,-4.60610912970119,4.10273137297988e-06,0.04908097541495831
N5.HOG0060348,,0.493868670919015,0.236503633616456,2.08820753984665,0.0367791174754331,-1.0556273967851,0.229241687441798,-4.60486663034669,4.12730284653079e-06,0.049374923953047836
N5.HOG0061162,,0.178121320157975,0.154512503255611,1.15279551107464,0.248994327321708,0.314913229229418,0.0684165077443827,4.60288371347445,4.16680906713635e-06,0.049847536870152157
N5.HOG0050233,,0.637260440409073,0.211429664636953,3.01405406617523,0.0025778186264284,-0.715787642448455,0.155517496707467,-4.60261808222694,4.17212875767e-06,0.04991117632800621
N5.HOG0065991,,0.0445446072506009,0.116963991942097,0.380840346768027,0.703321718887483,-0.288436435307253,0.0626718007285008,-4.60233202101186,4.17786486905356e-06,0.04997979742848774
