HOG,error,coef_.Intercept._Estimate,coef_.Intercept._StdErr,coef_.Intercept._z.value,coef_.Intercept._p.value,coef_orb_weavingTRUE_Estimate,coef_orb_weavingTRUE_StdErr,coef_orb_weavingTRUE_z.value,coef_orb_weavingTRUE_p.value,qvalue,p_adj_bh,p_adj_bonferroni
N5.HOG0068230,,0.118417586446776,0.0620176442706744,1.90941768007095,0.0562082318203767,-0.274227878743138,0.0329367523930254,-8.32589307746102,8.3695324032986e-17,1.7791742135615999e-13,2.503117903516529e-13,1.0012471614066116e-12
N5.HOG0030400,,1.1466277358135,0.302900671311682,3.78549090316683,0.0001534054461762,-1.14460544061033,0.137932302610196,-8.29831315036509,1.0560002429347e-16,1.79585507166802e-13,2.5265861812455636e-13,1.2632930906227816e-12
N5.HOG0067198,,0.252124053550423,0.106170126800659,2.37471745723543,0.017562387856552,-0.505628005930304,0.0662205273643975,-7.63551765675227,2.24914879214552e-14,2.12497071553983e-11,2.989618555604095e-11,2.690656700043686e-10
N5.HOG0066647,,0.25694066321963,0.128940032264559,1.99271443249245,0.0462927260897092,-0.650025391978578,0.0899758093874646,-7.22444617507536,5.03148094344951e-13,3.56526534548248e-10,5.015967210540541e-10,6.019160652648649e-09
N5.HOG0063878,,0.38456274575333,0.118460828875981,3.24632833825547,0.0011690392617796,-0.491653911518646,0.0731143383917815,-6.72445271793517,1.7625363964080002e-11,7.515227393013271e-09,1.0573163714413323e-08,2.1085222910228907e-07
N5.HOG0068853,,0.129263983639843,0.0990568634686191,1.30494727082484,0.191910803341644,-0.378946010053477,0.0563569668822635,-6.72403131355776,1.7676441886505597e-11,7.515227393013271e-09,1.0573163714413323e-08,2.1146327428826647e-07
N5.HOG0068321,,0.131955468515897,0.0938630769621173,1.4058293504394,0.159774804333523,-0.346863819077653,0.0522456919807157,-6.6390893856987,3.1562695939310196e-11,1.16687282893458e-08,1.641671876182469e-08,3.7758453152196785e-07
N5.HOG0067173,,0.204080428660934,0.135903972283199,1.50165168267244,0.1331870883542,-0.606754850124629,0.0916444898972135,-6.62074556588347,3.57391664947374e-11,1.21557478487684e-08,1.7101905951061738e-08,4.275476487765435e-07
N5.HOG0067189,,0.241295684673064,0.138357159168741,1.74400577550728,0.0811580827510751,-0.6240464896849,0.0945789246534774,-6.59815589965006,4.1630338329501895e-11,1.36148814512584e-08,1.915475913214735e-08,4.980237374358311e-07
N5.HOG0067767,,0.125427253578929,0.132226432300408,0.948579277205092,0.342834634744685,-0.56182738332569,0.086093365905492,-6.52579182398827,6.764321690148249e-11,2.01849358418735e-08,2.8398160170039328e-08,8.092158037924351e-07
N5.HOG0068054,,0.22958317803681,0.133739617545134,1.71664299817017,0.0860444210422453,-0.571043921651182,0.0877029989772632,-6.51111054707745,7.459721765715159e-11,2.01849358418735e-08,2.8398160170039328e-08,8.924065148325045e-07
N5.HOG0067655,,0.290839152706808,0.157397448945932,1.84780093104759,0.064631146188448,-0.820630809294841,0.126041790993759,-6.51078346971024,7.475984412058909e-11,2.01849358418735e-08,2.8398160170039328e-08,8.943520152146073e-07
N5.HOG0063015,,0.259351828155524,0.123261410948624,2.10407966418317,0.0353714984324612,-0.497207016625863,0.0763948289303732,-6.50838575840023,7.596264527637369e-11,2.01849358418735e-08,2.8398160170039328e-08,9.087411254412585e-07
N5.HOG0059402,,0.523709944998625,0.130310147298882,4.01894983509943,5.8458114427996e-05,-0.542693994051187,0.0836034432744098,-6.49128759290349,8.510583805847069e-11,2.19291947522484e-08,3.085215577859045e-08,1.0181211406934848e-06
N5.HOG0058053,,0.530713383915659,0.124096986792054,4.2766016938426,1.8976789000957e-05,-0.49809440740719,0.0769640031847397,-6.47178403924229,9.68524846299952e-11,2.42219509961048e-08,3.407783157731272e-08,1.1586462736286325e-06
N5.HOG0029661,,0.386036872621828,0.138941473679533,2.77841354635562,0.0054625047291917,-0.593747804736592,0.09274163504694,-6.40217098217078,1.53182978139958e-10,3.52035172118015e-08,4.952778290508967e-08,1.8325279674883176e-06
N5.HOG0063840,,0.293540519693081,0.130876458630448,2.24288250740297,0.0249043920642308,-0.532682253866864,0.0833252008534778,-6.39281091927462,1.62863608432065e-10,3.64433026698905e-08,5.127203546507352e-08,1.9483373476727937e-06
N5.HOG0069576,,0.224530151135082,0.157479741765873,1.42577164921246,0.153934266971791,-0.757924079857374,0.119846152057132,-6.32414196741223,2.54643533056262e-10,5.29861116491258e-08,7.454609205534131e-08,3.046300585952062e-06
N5.HOG0065635,,0.238567304554919,0.116214644978465,2.05281618852018,0.0400904078827641,-0.429681934109595,0.0685327932345268,-6.2697274374791,3.61680647764923e-10,6.68566654508621e-08,9.406055628721248e-08,4.326785589211774e-06
N5.HOG0057006,,0.363933610089343,0.109556108050614,3.32189246738492,0.0008940914388687,-0.394250019892285,0.0629986632852237,-6.25806960549837,3.89771862333164e-10,7.05163618969931e-08,9.920937849131151e-08,4.662840789091641e-06
N5.HOG0059647,,0.277064252668173,0.151873802855998,1.82430575555467,0.0681058607828144,-0.668961935714356,0.107591271530655,-6.21762273274887,5.04743333223388e-10,8.94142268712896e-08,1.2579676031982066e-07,6.038244495351391e-06
N5.HOG0062765,,0.520107794232937,0.151052982044354,3.4432143423704,0.000574843517997,-0.655092024357128,0.105832407298883,-6.18990006064088,6.020237214161261e-10,1.01744720168561e-07,1.4314451541672286e-07,7.202009779301116e-06
N5.HOG0068178,,0.28418987532143,0.142457020552549,1.99491660164687,0.0460519765296323,-0.579374021094233,0.094026866719258,-6.16179227607474,7.19261643462579e-10,1.17614489830372e-07,1.654716738604391e-07,8.604527040742833e-06
N5.HOG0063704,,0.532263305172256,0.160656502510288,3.31305173992675,0.0009228390621678,-0.742440884362257,0.120741187397808,-6.14902752211742,7.79594520333396e-10,1.25074904508287e-07,1.7596772163676257e-07,9.326289246748416e-06
N5.HOG0063543,,0.551884178746028,0.171878244707463,3.21090187815995,0.0013231910717256,-0.897795469865553,0.146566126114148,-6.12553182422478,9.038120321942601e-10,1.37235782640871e-07,1.930768453774988e-07,1.0812303341139934e-05
N5.HOG0067323,,0.261158240901818,0.106914849824165,2.44267509453857,0.0145788556745153,-0.367919589163343,0.0603673021325982,-6.09468331639534,1.09654310001181e-09,1.51644705252447e-07,2.1334873999270972e-07,1.3117945105441284e-05
N5.HOG0065328,,0.362640802326378,0.163492826338947,2.21808387833828,0.0265491138341148,-0.737666428997776,0.122399495351964,-6.02671135919795,1.6732944600774102e-09,2.18895225176269e-07,3.07963409629324e-07,2.001762162590606e-05
N5.HOG0066023,,0.393949835296386,0.152925189251824,2.57609513006822,0.0099923150651011,-0.635292741741715,0.105471886678604,-6.02333722992543,1.70856928915914e-09,2.20123257959929e-07,3.096911273668302e-07,2.0439614406210793e-05
N5.HOG0067308,,0.0738909525687362,0.126812852978259,0.582677156403099,0.560110653977155,-0.457937481575206,0.0763358995938301,-5.99897930085073,1.98561664257875e-09,2.51998452172844e-07,3.5453629694282963e-07,2.3753931895169587e-05
N5.HOG0068446,,0.151054349677386,0.125788492471964,1.20085984583251,0.2298055725673,-0.450370606461619,0.0753007175296302,-5.98096035783991,2.2182586017709103e-09,2.69458201015357e-07,3.791003950426486e-07,2.65370276529854e-05
N5.HOG0066974,,0.313049151974703,0.17133137265872,1.82715603754763,0.0676763117071816,-0.804850556722182,0.135449989501772,-5.94204960578199,2.81480206092504e-09,3.37106233591259e-07,4.742743247161445e-07,3.3673477054846257e-05
N5.HOG0064332,,0.4340467013021,0.150143921373869,2.89087095455095,0.0038417583535771,-0.592022516232106,0.100083900239835,-5.91526224311224,3.31347225256788e-09,3.75663799285271e-07,5.28520914099594e-07,3.963906855746955e-05
N5.HOG0062389,,0.45636717273063,0.154268143059646,2.9582722892709,0.0030936871762686,-0.620948379925881,0.105197732847177,-5.90267834790646,3.5764714852859903e-09,4.00145969020691e-07,5.629648470852145e-07,4.2785328378476305e-05
N5.HOG0058669,,0.348507278113654,0.118009059183857,2.95322478226593,0.0031447288226214,-0.401774573018602,0.0682195675696921,-5.88943300773865,3.87522856677313e-09,4.17107024027975e-07,5.868273334722399e-07,4.6359359344306957e-05
N5.HOG0054954,,0.563301183621801,0.130753865562821,4.30810348280801,1.6466034719195e-05,-0.463490965498973,0.0790304109098146,-5.8647166345609,4.499003564548121e-09,4.78193448752943e-07,6.727697455336146e-07,5.3821579642689165e-05
N5.HOG0067423,,0.11674360130465,0.145547721867716,0.802098444459027,0.422496014737948,-0.546970917318222,0.0936868788564101,-5.83828732470148,5.274014862081081e-09,5.27593814573109e-07,7.422710564126585e-07,6.309303979507597e-05
N5.HOG0062499,,0.453918367563292,0.164551651665571,2.75851602198329,0.0058064458731365,-0.683440492956968,0.117930789705242,-5.79526767068354,6.8212298115548404e-09,6.68138691599977e-07,9.400034624086056e-07,8.160237223563055e-05
N5.HOG0046623,,0.220495798562708,0.137349109830702,1.60536751082328,0.108412949950429,-0.488168305947102,0.0845514207236244,-5.77362629473478,7.75834050897935e-09,7.28703375848373e-07,1.025211838467243e-06,9.281302750891997e-05
N5.HOG0064479,,0.32737448791812,0.173449121342392,1.88743814545982,0.0591014185455431,-0.768656393138542,0.13315243106376,-5.77275523246341,7.798568695186751e-09,7.28703375848373e-07,1.025211838467243e-06,9.32942773005191e-05
N5.HOG0065673,,0.299057973771835,0.108060848696643,2.76749606706656,0.0056488727035698,-0.346022490094443,0.060114413451636,-5.75606531323523,8.609708567374121e-09,7.95752287101187e-07,1.1195428651249632e-06,0.00010299794359149661
N5.HOG0059821,,0.40124073055625,0.165530869276682,2.42396316958611,0.0153521623750314,-0.671761384116845,0.117528911656056,-5.71571177382065,1.09245772498941e-08,9.8822095355194e-07,1.3903267834093949e-06,0.0001306907176404831
N5.HOG0060588,,6.61705709215106,0.178638779054877,37.0415490251326,2.45663303243441e-300,-1.96017754132295,0.343398719824314,-5.70816787647257,1.14198755127484e-08,1.02215094893261e-06,1.4380628500948327e-06,0.00013661597075900913
N5.HOG0067048,,0.27129285237741,0.151793833549633,1.78724554241331,0.0738978114599806,-0.565107037983785,0.0990851227973392,-5.70324809648377,1.17545700564381e-08,1.04114876276698e-06,1.4647908498455105e-06,0.000140619921585169
N5.HOG0067678,,0.205845187320771,0.120519905835052,1.70797666903672,0.087640671655637,-0.392369938700546,0.0692119872024199,-5.66910378621273,1.43546396765285e-08,1.20278249705088e-06,1.6921931418831969e-06,0.00017172455445031045
N5.HOG0066618,,0.106015643300118,0.153139594877561,0.692281074563898,0.488760832786259,-0.564784110204226,0.0999385759906654,-5.65131236467666,1.59227436030562e-08,1.28945406187329e-06,1.8141312545082033e-06,0.00019048378172336133
N5.HOG0065417,,0.228899196560717,0.150038782958463,1.52560019514479,0.127109463507737,-0.543018054627365,0.0962847542192371,-5.63970961997713,1.70337173361838e-08,1.36640940493863e-06,1.922399627290253e-06,0.0002037743604927668
N5.HOG0063204,,0.322933607330809,0.147740779224202,2.18581226541892,0.0288293430435938,-0.520669942657908,0.0932048172066939,-5.58629862985788,2.31960228200303e-08,1.82627865638516e-06,2.5693890832965045e-06,0.00027749402099602245
N5.HOG0064789,,0.455074107333012,0.181445004232323,2.50805531548465,0.0121397661329296,-0.791727248709147,0.141923655842787,-5.57854322457819,2.42541210221515e-08,1.87486554003714e-06,2.6377459071636213e-06,0.0002901520497879984
N5.HOG0065340,,0.277472866762723,0.096507229250753,2.87515110439831,0.0040383418315941,-0.287764704822714,0.0516887547455641,-5.56725938241741,2.58777049308913e-08,1.97051810856654e-06,2.7723193823063273e-06,0.00030957498408825263
N5.HOG0066673,,0.200316450537944,0.120147711395851,1.66725148744582,0.0954644086427183,-0.380799454442081,0.0684441408224473,-5.56365307338611,2.64184911462778e-08,1.97051810856654e-06,2.7723193823063273e-06,0.0003160444095829213
N5.HOG0066518,,0.281470791910913,0.117807978426457,2.38923369767035,0.0168835589015181,-0.36746419872229,0.0664971265431551,-5.52601620287779,3.27583891308228e-08,2.38075084686913e-06,3.3494752920686592e-06,0.00039188860917203314
N5.HOG0047829,,0.179675971176077,0.145409573145975,1.23565434715706,0.216587073981668,-0.495349449482343,0.0899961820339265,-5.5041162667946,3.71024643168152e-08,2.62904961277767e-06,3.6988065051838356e-06,0.0004438567806220603
N5.HOG0062342,,0.503917965465497,0.134868709707299,3.7363593568822,0.0001867037975392,-0.439928924355519,0.0801247972196945,-5.49054649273278,4.00691994355517e-08,2.79272457424553e-06,3.929080597110697e-06,0.00047934783284750497
N5.HOG0030535,,0.130599915037104,0.11545964870284,1.13113036895887,0.258000223832465,-0.354431606397928,0.0645955989005381,-5.48693119083343,4.08976346808475e-08,2.82728996383013e-06,3.977710599081127e-06,0.0004892584036869786
N5.HOG0068007,,0.137383005145654,0.119498970675567,1.14965848131564,0.25028456106458,-0.368641276239736,0.0675060737462237,-5.46086086454343,4.73831297197165e-08,3.19764663911471e-06,4.498764927277528e-06,0.0005668443808369686
N5.HOG0016910,,0.231179654608303,0.128194885363985,1.80334538271096,0.0713339894693226,-0.403836253409107,0.0742158405376125,-5.44137545952126,5.28707491355194e-08,3.51222852801366e-06,4.941349780532958e-06,0.0006324927719082186
N5.HOG0062605,,0.551680206663449,0.169367842149247,3.25729016596497,0.0011248138661977,-0.634354428821743,0.116725496268109,-5.43458326674988,5.49246445249272e-08,3.59253637595091e-06,5.054334788090031e-06,0.0006570635224517041
N5.HOG0066140,,0.212379341401495,0.132654007460344,1.60100207651083,0.109376459226233,-0.422487268588024,0.0778237721811433,-5.42876882920348,5.67441251099784e-08,3.65531025535448e-06,5.142651277959633e-06,0.0006788299686906716
N5.HOG0040236,,9.16744586116165,0.193805548788377,47.3022878781036,0.0,-0.894587911518355,0.164837414413894,-5.42709259726749,5.72794159801714e-08,3.66204951390473e-06,5.152132732111206e-06,0.0006852336533707905
N5.HOG0067335,,0.119424364896101,0.0940001881883372,1.27046942349546,0.203917467735773,-0.269101695504101,0.0497646174613258,-5.40749048685507,6.3913936523448e-08,4.05572070932709e-06,5.705988228582152e-06,0.0007646024226300084
N5.HOG0061759,,0.403352760475579,0.143384060174981,2.81309344974149,0.0049067389119249,-0.469878645370013,0.0870740468263993,-5.39631109952678,6.8024957968771e-08,4.25311029636035e-06,5.983695383679467e-06,0.0008137825721804075
N5.HOG0032600,,0.185201813166974,0.0900836722296244,2.05588658391825,0.0397934495813272,-0.254691219130304,0.0472744509764543,-5.38750242191405,7.14435132620984e-08,4.40345313011361e-06,6.195212522341151e-06,0.0008546787491544832
N5.HOG0064290,,0.228404260117038,0.14388232473542,1.58743793260946,0.112413493849681,-0.471196245167929,0.0874618704102317,-5.38744761526169,7.14652953342037e-08,4.40345313011361e-06,6.195212522341151e-06,0.0008549393280830789
N5.HOG0066524,,0.198680006990752,0.13324763929671,1.49105836350572,0.135946172514015,-0.42039571376498,0.078055010576046,-5.38589016467309,7.20869760841055e-08,4.40980392344765e-06,6.204147445281684e-06,0.0008623764948941541
N5.HOG0047946,,0.443116703295915,0.126402986439066,3.50558729488187,0.0004556010699513,-0.390156884089765,0.0724782105440118,-5.3830921205325,7.32170426697376e-08,4.44694153010426e-06,6.2563962961290786e-06,0.0008758954814580709
N5.HOG0041512,,0.459522570480608,0.186482676121654,2.46415688597708,0.0137335983669188,-0.76791372691993,0.143071771995838,-5.36733218724842,7.99097993534707e-08,4.81901412499335e-06,6.779864749401206e-06,0.0009559609296655701
N5.HOG0064135,,0.271560515513852,0.106664575729581,2.54592973961965,0.0108987122247516,-0.311046307881886,0.0579845560958338,-5.3642957508859,8.12656576531312e-08,4.86626753476952e-06,6.8463455105944275e-06,0.0009721810625044086
N5.HOG0056235,,0.485095120109667,0.188002491202202,2.58025900086576,0.0098726239196314,-0.782441930745164,0.145948070924124,-5.36109813436274,8.27175640913387e-08,4.91857129475108e-06,6.9199316029698244e-06,0.000989550219224685
N5.HOG0066571,,0.235385192875112,0.152869320726959,1.53978045925602,0.123613876640899,-0.513596855255816,0.0959239854943204,-5.35420679832185,8.59325373071839e-08,4.98609947922501e-06,7.014936918503431e-06,0.001028010943805841
N5.HOG0068508,,0.263151087127834,0.191775756973536,1.37218119370608,0.170007038385842,-0.825381530998442,0.154166396283604,-5.35383553676687,8.61091315781821e-08,4.98609947922501e-06,7.014936918503431e-06,0.0010301235410697925
N5.HOG0062257,,0.41549641679667,0.161595519244422,2.57121248620891,0.0101343125574755,-0.56181120124871,0.105214424305939,-5.33967851798624,9.31115441866718e-08,5.27824496181849e-06,7.425956020701031e-06,0.0011138934031051549
N5.HOG0058514,,0.447941119008151,0.151904651192903,2.94883083230489,0.0031897852728743,-0.503613982530684,0.0946023086660107,-5.32348512031213,1.01797783633738e-07,5.69471516044025e-06,8.01188740533163e-06,0.0012178068856104076
N5.HOG0055047,,0.285591719705384,0.170895614246793,1.67114715590628,0.0946926150457455,-0.617933058220751,0.116259308614795,-5.31512758490732,1.06582621693262e-07,5.88495233440382e-06,8.279531839717489e-06,0.0012750479033164933
N5.HOG0066577,,0.169168041807534,0.125017839272848,1.35315122058964,0.176007325070122,-0.376847114201918,0.071023900209609,-5.30591974095691,1.12106279211329e-07,6.11058250084843e-06,8.596970629520055e-06,0.0013411274182051288
N5.HOG0066881,,0.172213756538959,0.132284356115387,1.30184521886128,0.192969302332545,-0.406828510011452,0.0767456774799483,-5.30099574816765,1.15172771493464e-07,6.23406140267708e-06,8.770692937047835e-06,0.00137781186537631
N5.HOG0065844,,0.271818687771422,0.118782725044932,2.28836884882546,0.0221160501538643,-0.351511901183258,0.0663236961141993,-5.29994439058415,1.1583795737303e-07,6.23406140267708e-06,8.770692937047835e-06,0.0013857694840535579
N5.HOG0063660,,0.690111786973374,0.176039613142032,3.92020735933212,8.84728105795831e-05,-0.651792768788251,0.123015286914106,-5.29846968729472,1.16777258509923e-07,6.24508599274655e-06,8.786203418579929e-06,0.0013970063435542089
N5.HOG0060880,,0.407564089667568,0.163602510387098,2.49118481558282,0.0127317873382435,-0.559258805103208,0.10631108970471,-5.26058764571607,1.43595736473612e-07,7.4451760061829e-06,1.0474608508742806e-05,0.0017178357954338202
N5.HOG0069317,,0.1976347305324,0.182201854285839,1.08470208114539,0.278053625833092,-0.689605077242985,0.131227266864943,-5.25504412091975,1.47988989380782e-07,7.62645534866824e-06,1.0729650181589667e-05,0.001770392279962295
N5.HOG0035083,,0.32780139902514,0.142259628814192,2.30424753500016,0.0212087522213629,-0.445516774578215,0.0848597730947862,-5.2500349497822,1.5207035514475e-07,7.78957465403578e-06,1.0959142521666531e-05,0.0018192176585966442
N5.HOG0067612,,0.153823869817539,0.0946770186764222,1.62472236629317,0.104221729404821,-0.261913968070118,0.0499029389242266,-5.248467800019,1.53369440515976e-07,7.80907571863414e-06,1.098657854426719e-05,0.0018347586168926209
N5.HOG0060292,,0.39883149052993,0.188545968638285,2.11530107702841,0.0344042947413205,-0.729097164105091,0.140182000816552,-5.20107545803414,1.98138631177352e-07,9.73868518551555e-06,1.370134361141423e-05,0.002370332444774662
N5.HOG0063854,,0.271320863944983,0.172030316718102,1.57716889162963,0.114756668854013,-0.598313236387176,0.115239434706303,-5.19191401721144,2.08143129502347e-07,1.01716194476411e-05,1.4310438265727456e-05,0.0024900162582365774
N5.HOG0066883,,0.278941806031109,0.129607972353758,2.15219635771904,0.0313818923943159,-0.38342639942384,0.0739681085850888,-5.18367181151817,2.17559623964537e-07,1.05710352869157e-05,1.4872375894215749e-05,0.002602665781487756
N5.HOG0068572,,0.127142784529963,0.121994198938037,1.0422035280099,0.297317327723768,-0.353295892059748,0.0681990195959652,-5.18036614239905,2.21450792655557e-07,1.06469949735553e-05,1.497924347925818e-05,0.0026492158325384283
N5.HOG0069076,,0.276230663288565,0.155668313374489,1.77448227773909,0.0759834109736268,-0.501344778355328,0.0967806403561141,-5.18021761904633,2.21627191827192e-07,1.06469949735553e-05,1.497924347925818e-05,0.002651326095828698
N5.HOG0059178,,0.2388470111888,0.183673479067624,1.30038921460655,0.193467604599013,-0.678545914555202,0.131120040592276,-5.17499774626497,2.27913732059497e-07,1.08874898243756e-05,1.5317595374313272e-05,0.0027265319766277625
N5.HOG0054640,,0.552410157423343,0.187187490767979,2.95110616183248,0.0031663806535433,-0.703888341130143,0.136373618184542,-5.16147001524616,2.4501814067287e-07,1.15745204480047e-05,1.6284177871497464e-05,0.0029311520168695438
N5.HOG0068538,,0.128745173897787,0.0927683436569499,1.38781365304825,0.165193796281385,-0.249645850261249,0.0485359351446095,-5.14352612177856,2.6962914363589e-07,1.25283250971172e-05,1.7626084400634712e-05,0.0032255734453161523
N5.HOG0065725,,0.318583774348115,0.15387719234524,2.07037683423114,0.0384170694721984,-0.485567371035338,0.0945421556044643,-5.13598794030892,2.80665657119071e-07,1.29702612356468e-05,1.824784378323612e-05,0.003357603256115446
N5.HOG0058004,,0.536706950654005,0.132361524133395,4.05485622931562,5.01651474120211e-05,-0.388539488402772,0.0758090831734081,-5.12523660936532,2.97164323691413e-07,1.36584749961526e-05,1.9216090834164182e-05,0.003554976804320374
N5.HOG0031681,,0.292279679983074,0.170173086065021,1.71754351255872,0.0858799112275423,-0.569474539208888,0.111459246948255,-5.1092623968047,3.23418929791341e-07,1.46978534736944e-05,2.067839107201246e-05,0.0038690606570938126
N5.HOG0066973,,0.173936292771801,0.111439554995753,1.56081287993684,0.118567907567543,-0.309071319108863,0.0605030169495101,-5.10836210641832,3.24963430706206e-07,1.46978534736944e-05,2.067839107201246e-05,0.0038875375215383424
N5.HOG0047947,,0.713122561104123,0.166191170359851,4.29097743014874,1.77888396005037e-05,-0.545386586233989,0.106844514336737,-5.10448842057647,3.31690582643911e-07,1.49227412525822e-05,2.0994785397720143e-05,0.0039680144401691075
N5.HOG0058808,,0.342193399367646,0.18143897163514,1.88599723799014,0.0592953268570057,-0.639559985708903,0.125561877816211,-5.09358411033839,3.51357065092911e-07,1.54799179167152e-05,2.1778676526976652e-05,0.004203284569706494
N5.HOG0059995,,0.342194392283477,0.133319061422408,2.56673268347779,0.0102661721350486,-0.388238021308741,0.0763414412621866,-5.08554744172799,3.66567184781241e-07,1.60303127724885e-05,2.2553026338809605e-05,0.004385243231537986
N5.HOG0067605,,0.211389082110986,0.112888825001034,1.8725421414303,0.061131637404617,-0.311106886458179,0.0613705627703387,-5.06931780342972,3.99244111665262e-07,1.72959001032447e-05,2.4333579520129556e-05,0.0047761573078515295
N5.HOG0065634,,0.44966663964842,0.140321223203943,3.20455188018761,0.001352729089197,-0.414285366122759,0.0818407478310457,-5.06209164874716,4.146815823247e-07,1.76462044042729e-05,2.482642218887945e-05,0.004960835769350386
N5.HOG0066176,,0.335319909642785,0.156027360245483,2.14910967611843,0.0316257069123252,-0.484930226776401,0.0958176438360914,-5.0609700610666,4.17128718545914e-07,1.76462044042729e-05,2.482642218887945e-05,0.004990110859964769
N5.HOG0067691,,0.18949873157537,0.132702949496145,1.42799185922295,0.153294201699192,-0.382403703628161,0.0756806438030357,-5.0528600763941,4.35242761960082e-07,1.83213495175328e-05,2.577628297687357e-05,0.005206809161328462
N5.HOG0046871,,0.703478778603309,0.202763344961454,3.46945735550498,0.0005215108504861,-0.817380593496268,0.161941344072936,-5.0473867447224,4.47894113772019e-07,1.86690603355462e-05,2.6265476877718937e-05,0.005358157283054663
N5.HOG0057966,,0.514393811957484,0.2085576526941,2.46643460603177,0.0136465644029452,-0.896554388858119,0.177664125534729,-5.04634453443931,4.50343010605224e-07,1.86795684019565e-05,2.6280260662781923e-05,0.005387453435870295
N5.HOG0055518,,0.466745162816667,0.138888697771715,3.36056979657075,0.0007778187504167,-0.406219045375039,0.0805424578531355,-5.04353922394268,4.56999033663036e-07,1.88636327676052e-05,2.6539220581120875e-05,0.0054670794397109
N5.HOG0065727,,0.396145386958066,0.110759085034,3.57664011793217,0.0003480387997353,-0.300272144167129,0.0597945893320429,-5.02172767672507,5.1208754431829e-07,2.06366419386036e-05,2.90336648942166e-05,0.0061261032926797025
N5.HOG0062687,,0.421045411759303,0.139330898490721,3.02190982991001,0.002511853596489,-0.403913177313897,0.0806671961017331,-5.00715528533436,5.5240360358938e-07,2.21563345325426e-05,3.117171844216864e-05,0.006608404309739753
N5.HOG0067223,,0.267186404082934,0.175814627597817,1.51970520162938,0.12858508369957,-0.58030717251035,0.116128506748318,-4.99711215410731,5.81952258472908e-07,2.31233555123307e-05,3.253221900986634e-05,0.006961894868111398
N5.HOG0060834,,0.428112005976331,0.137403641152968,3.11572533583534,0.0018349309544829,-0.394848348101821,0.0790451571525208,-4.9952250375054,5.8767199360462e-07,2.32420165477789e-05,3.269916306740497e-05,0.007030320059492069
N5.HOG0057845,,0.174259818719517,0.12136804106321,1.43579658362254,0.151060232250261,-0.334062337674249,0.066980359220181,-4.98746709578107,6.1176034675826e-07,2.4082681603991e-05,3.388189364939382e-05,0.007318489028269065
N5.HOG0063925,,0.215184303343602,0.117320919738044,1.83415117972199,0.0666315560294373,-0.319158539784956,0.0641147459416694,-4.97792723183091,6.42688079110964e-07,2.49665681259236e-05,3.5125432455690656e-05,0.007688477490404463
N5.HOG0064701,,0.292545256181605,0.135577897773021,2.15776510026267,0.0309460995787102,-0.385795647360752,0.0775028277251636,-4.97782672819165,6.43021792844291e-07,2.49665681259236e-05,3.5125432455690656e-05,0.007692469707796253
N5.HOG0060628,,0.358752143660965,0.123895727053438,2.89559738816683,0.003784375833562,-0.341797258317009,0.0687285124088961,-4.97315082688691,6.58733694547154e-07,2.54603558471536e-05,3.582014176303456e-05,0.007880431187867604
N5.HOG0063548,,0.332829383470193,0.167390302036927,1.98834328763425,0.0467737363828376,-0.527235534265311,0.106130244002493,-4.96781609446716,6.77111305486752e-07,2.60522395683499e-05,3.665286220605436e-05,0.008100282547538014
N5.HOG0044216,,0.17198774997699,0.166840112623358,1.03085371540867,0.302609424258396,-0.524037288746934,0.105523944276831,-4.96605099760273,6.83299933536273e-07,2.61660183447921e-05,3.681293741970215e-05,0.008174317104894434
N5.HOG0067868,,0.126519343571225,0.0999971930319247,1.26522895028496,0.205789267415592,-0.260140136055082,0.0526502846090271,-4.94090654944872,7.77601735317819e-07,2.88485536910751e-05,4.058699293428575e-05,0.009302449559607068
N5.HOG0046245,,0.456361054050234,0.195560740233528,2.33360261116455,0.019616539746196,-0.703879635982635,0.142472869938102,-4.94044681130125,7.7943753133685e-07,2.88485536910751e-05,4.058699293428575e-05,0.009324411187382736
N5.HOG0061635,,0.463638929027961,0.128052354583632,3.620698194387,0.0002938090837199,-0.353760958802039,0.0716082635979188,-4.94022534589598,7.80323361605427e-07,2.88485536910751e-05,4.058699293428575e-05,0.009335008374885722
N5.HOG0043617,,0.0139572904670012,0.665472504917598,0.0209735043354338,0.983266791503098,-2.65377055643108,0.537406105990664,-4.93811016817359,7.88832777808785e-07,2.89117403594367e-05,4.0675890176407304e-05,0.009436806520926495
N5.HOG0056928,,0.335149875554853,0.156963510309054,2.13520884500454,0.0327439547436081,-0.470059011828613,0.0953332733999168,-4.93069203505418,8.19388227254221e-07,2.97749563960486e-05,4.189034770359934e-05,0.009802341362642245
N5.HOG0057967,,0.477108481846549,0.180075679992225,2.6494887142292,0.0080613664621683,-0.590616586593303,0.119904074732756,-4.92574241458998,8.40406482734111e-07,3.02799157573258e-05,4.260077437689902e-05,0.01005378275294817
N5.HOG0056839,,0.38140724017605,0.151276044129252,2.52126661806526,0.0116933214639198,-0.44328202954921,0.0900915175400927,-4.92035256651038,8.6388453956615e-07,3.08347049777e-05,4.33813066146144e-05,0.010334650746829852
N5.HOG0055690,,0.438760780397589,0.170909909442244,2.56720503702485,0.0102521971090398,-0.536430424877753,0.109125800491731,-4.91570666570643,8.84627723119544e-07,3.12119408090427e-05,4.39120392185855e-05,0.010582801451679105
N5.HOG0059000,,0.403215696200703,0.190457089207255,2.11709471082972,0.0342518105010648,-0.653159132215559,0.133234937812603,-4.90231123261554,9.47156150884783e-07,3.3007226192256e-05,4.643782390587975e-05,0.011330829033034659
N5.HOG0068226,,0.0867810289320695,0.102011605081721,0.850697612909331,0.394937349556173,-0.26305723843269,0.0538063795263944,-4.88896002199235,1.01370077411793e-06,3.50390193388449e-05,4.9296351060052024e-05,0.012126902360772797
N5.HOG0067650,,0.276872843643985,0.150932889958375,1.8344102714812,0.0665931160501435,-0.435933844476845,0.0894092008393785,-4.87571570245874,1.08414655562544e-06,3.6874425046354e-05,5.187858097978856e-05,0.012969645244947137
N5.HOG0060266,,0.416213102386529,0.17800417279585,2.33822104195207,0.019375784498602,-0.566143143236207,0.116287552089656,-4.86847588639341,1.12462242374762e-06,3.77975359843374e-05,5.317730456637462e-05,0.013453858055292778
N5.HOG0053694,,0.162210879410572,0.219799482572701,0.737994819241301,0.460517597359141,-0.945523862372567,0.194856757563662,-4.85240478285005,1.21973349564052e-06,4.0672609928498e-05,5.722224238567663e-05,0.01459167180834754
N5.HOG0032276,,0.397122832099923,0.152950733833021,2.59641011290255,0.0094203550317041,-0.440816698242505,0.0909258125822361,-4.84809193037254,1.24654635542756e-06,4.12432216031831e-05,5.8025035213929565e-05,0.0149124340499799
N5.HOG0065525,,0.44584349574145,0.21945942627683,2.03155318185811,0.0421989104544723,-0.933902394884728,0.192724178362097,-4.84579777598055,1.26103914495895e-06,4.15610139010239e-05,5.8472136787379524e-05,0.015085811291143917
N5.HOG0067552,,0.253356214837473,0.176263097325989,1.4373752571073,0.150611395421524,-0.551265214919927,0.113833626823222,-4.8427273232365,1.28068985024965e-06,4.20456891617838e-05,5.9154025785855455e-05,0.015320892678536563
N5.HOG0057868,,0.288923432402194,0.186887040525149,1.54597895921689,0.122109649438204,-0.609668354500977,0.126313126540934,-4.8266428929174,1.38853776844162e-06,4.52370693283145e-05,6.364397442094675e-05,0.0166110773238671
N5.HOG0060349,,0.509002346654416,0.17908597350299,2.84222341201903,0.0044800085173417,-0.563139209127406,0.116722334436916,-4.82460543514714,1.40280694340436e-06,4.55275088250481e-05,6.405259337384107e-05,0.016781779463946357
N5.HOG0069196,,0.194036324337531,0.178979832123161,1.0841239598661,0.278309840727264,-0.561476951501975,0.116503169370241,-4.81941353644749,1.43980834989703e-06,4.63376737183112e-05,6.519241331596351e-05,0.01722442728981817
N5.HOG0019085,,0.507104637458096,0.198491869867022,2.55478795074996,0.010625250506242,-0.68802452239028,0.142778716350683,-4.81881711767461,1.44411849274683e-06,4.63376737183112e-05,6.519241331596351e-05,0.01727598952873033
N5.HOG0043283,,0.389447403000805,0.214002767682296,1.81982414161564,0.0687857900440554,-0.835819111444378,0.173502462597753,-4.81733284317777,1.45489883252701e-06,4.6508082103006e-05,6.543216065233316e-05,0.01740495473352062
N5.HOG0062343,,0.296241728645636,0.118715241167267,2.49539760634641,0.0125816061375294,-0.310530421194434,0.0645139531526629,-4.81338386534164,1.48395853302904e-06,4.72593534467428e-05,6.648912333567942e-05,0.017752595930626405
N5.HOG0067606,,0.389002199348789,0.216666680313162,1.79539465314436,0.0725908437598652,-0.86644636579318,0.180099531670672,-4.8109306990179,1.50229103363687e-06,4.76646658614289e-05,6.705935684849954e-05,0.017971907635397875
N5.HOG0037775,,0.561351941715813,0.227067915685461,2.47217639718598,0.0134293234091361,-1.06428297858686,0.221638214369335,-4.80189294799744,1.57172717339658e-06,4.94983439653472e-05,6.963915620497513e-05,0.018802572175343285
N5.HOG0058342,,0.64853082111137,0.165058835903557,3.92908878559101,8.52683551106422e-05,-0.486063597137832,0.101449735580516,-4.79117657977595,1.65806121247149e-06,5.20245749563592e-05,7.319330732397209e-05,0.019835386284796436
N5.HOG0062452,,0.440041967883545,0.199209739257352,2.208938024436,0.027178951934431,-0.683887391148374,0.142820661571262,-4.78843455578827,1.68087360043442e-06,5.2546455230225e-05,7.392754000734178e-05,0.020108290881996966
N5.HOG0060071,,0.189380812875383,0.13393881490062,1.41393525854249,0.157380912349707,-0.359212736121667,0.0751775408336128,-4.77819215870199,1.76878304003685e-06,5.41012178162512e-05,7.611493348187352e-05,0.021159951507960836
N5.HOG0057901,,0.3497584372678,0.154933024045637,2.25748151126757,0.0239780034928659,-0.439600456811521,0.0920229659166902,-4.77707333633974,1.77864918976084e-06,5.42079978772913e-05,7.626516221185995e-05,0.02127798025710893
N5.HOG0064486,,0.276685642747776,0.131877541026403,2.09804975581386,0.035900750309304,-0.35098659659625,0.0736092338198265,-4.76824140644312,1.85841016444635e-06,5.62702560086492e-05,7.916655051376264e-05,0.022232160797271687
N5.HOG0030453,,0.415171305113045,0.163168449140201,2.54443372662268,0.0109455080023776,-0.473862587049796,0.0993814761884738,-4.76811781454253,1.859550338073e-06,5.62702560086492e-05,7.916655051376264e-05,0.0222458006943673
N5.HOG0057977,,0.268896626162328,0.152114994475883,1.76771939603206,0.0771078257701529,-0.425318823381913,0.0894224062657646,-4.75628918011734,1.9718395449518e-06,5.90378459885873e-05,8.306026928259996e-05,0.023589116476258384
N5.HOG0065550,,0.276605545621672,0.204547302700646,1.35228156015571,0.176285261018813,-0.710359555875031,0.149798874273673,-4.74208874612269,2.11525919201716e-06,6.31096835788657e-05,8.878893233017996e-05,0.025304845714101288
N5.HOG0067648,,0.0652979438688607,0.077576848984007,0.841719465588533,0.39994499982619,-0.184746961979186,0.0391133987648259,-4.72336763905381,2.31970955204667e-06,6.84886167251272e-05,9.63565464275497e-05,0.027750685371134315
N5.HOG0051864,,0.706992258206561,0.229180751509403,3.08486752726942,0.0020364283412812,-1.01492170576729,0.214950272819466,-4.72165814192621,2.3392963751325e-06,6.87931063597449e-05,9.678493250128948e-05,0.027985002535710096
N5.HOG0060417,,0.197525641040377,0.154105135534239,1.28175897808733,0.199927208564748,-0.428349272782653,0.0907899643689833,-4.71802446184229,2.38145865103435e-06,6.95868740978219e-05,9.790168330695508e-05,0.02848938984232393
N5.HOG0044966,,0.321439493133642,0.162214119234069,1.98157530707803,0.0475267931258895,-0.461718028461027,0.0979177209782612,-4.71536739058228,2.41274993876466e-06,7.0259771582391e-05,9.884838190904668e-05,0.02886372751744163
N5.HOG0049750,,0.800366562725696,0.213711661592197,3.74507669241256,0.0001803386778971,-0.779281741599576,0.165481284610016,-4.70918353961346,2.48711038579684e-06,7.16886359239805e-05,0.00010085864930605966,0.0297533015452876
N5.HOG0054004,,0.388898372562867,0.140242034008072,2.77305142722389,0.0055533343812537,-0.374364304901953,0.0795364843395743,-4.70682489942146,2.51604844074285e-06,7.22777390681182e-05,0.00010168745775880648,0.030099487496606715
N5.HOG0033288,,0.285699770320362,0.1031393965046,2.77003531145946,0.0056050215708638,-0.254659190452562,0.05412483800216,-4.70503376735094,2.53823938852371e-06,7.26304951806136e-05,0.00010218374987794325,0.030364957804909144
N5.HOG0059617,,-0.151287330144007,0.724278103462487,-0.208880165534154,0.834541788238197,-1.52295264084468,0.323725413658306,-4.70445808883006,2.5454114740138e-06,7.26304951806136e-05,0.00010218374987794325,0.03045075746362709
N5.HOG0062582,,0.289218777431393,0.111138644546153,2.60232413857888,0.0092594290768385,-0.277870641606126,0.0591578292711852,-4.69710679092601,2.63872506995002e-06,7.44235947105105e-05,0.00010470645929102939,0.03156706801181209
N5.HOG0032701,,0.83496246135672,0.217155643087822,3.8449954580229,0.0001205546714683,-0.809311097982539,0.172301294500201,-4.69706916787902,2.63921097745077e-06,7.44235947105105e-05,0.00010470645929102939,0.03157288092324356
N5.HOG0053439,,0.458009936873181,0.168554843995867,2.71727543400896,0.006582180589072,-0.486785488412789,0.103654347691922,-4.69623801849195,2.64996733082782e-06,7.44235947105105e-05,0.00010470645929102939,0.03170155917869321
N5.HOG0049403,,0.597298899006222,0.1750974732452,3.41123654120231,0.0006466896336246,-0.517227082378592,0.110174777479552,-4.69460519196045,2.671221266779e-06,7.47159893949559e-05,0.00010511782899499071,0.03195582001447717
N5.HOG0059302,,0.429013459789255,0.173089465307847,2.47856482210652,0.0131912139299016,-0.507400710961846,0.108104082889662,-4.69363133564281,2.68397540002482e-06,7.48265916155965e-05,0.00010527343511638335,0.03210839771049692
N5.HOG0059007,,0.417869295859306,0.156849677317349,2.66413870277747,0.0077185729988112,-0.43506694552525,0.0928559126127457,-4.68539841226579,2.79415863736371e-06,7.73909104107605e-05,0.00010888117191785688,0.03342651977878206
N5.HOG0044087,,1.16505017246926,0.173813510325984,6.70287465159775,2.0435875979871397e-11,-1.09254031908476,0.233216598082401,-4.6846593598743,2.80425914198406e-06,7.74184905649381e-05,0.0001089199744011536,0.03354735211555531
N5.HOG0041352,,0.10158196500847,0.166398579649128,0.610473750573285,0.54154802663013,-0.474998454270262,0.101434284068167,-4.68281960713646,2.82955512387045e-06,7.78640432045841e-05,0.00010954682183450548,0.033849967946862194
N5.HOG0064265,,0.416884448570568,0.167573761023107,2.48776685577333,0.0128547972965864,-0.479322267201109,0.102479315323563,-4.67725868081499,2.9073540511303e-06,7.9221680112108e-05,0.0001114568794465114,0.03478067651367178
N5.HOG0064997,,0.290459360103508,0.164604412438829,1.76459036425558,0.0776326360789332,-0.466216943712841,0.0996906123735457,-4.67663837760273,2.91615842738093e-06,7.9221680112108e-05,0.0001114568794465114,0.034886003266758066
N5.HOG0066135,,0.203033141684178,0.172998511818324,1.1736120707061,0.240550444119401,-0.500358330191307,0.107475181172369,-4.65557093957193,3.23084137062899e-06,8.58505197444725e-05,0.00012078298536510815,0.03865055531683461
N5.HOG0057164,,0.443295390432785,0.229928977241179,1.92796660843579,0.0538592796788835,-0.95998366847855,0.206247865324936,-4.65451444535501,3.24745070778532e-06,8.60230441376041e-05,0.0001210257097110149,0.03884925281723579
N5.HOG0064036,,0.373240152436679,0.119604276228839,3.12062548434772,0.0018046739042538,-0.300134228081368,0.0645640779770357,-4.64862563650518,3.34154062073054e-06,8.82405375141296e-05,0.00012414549827888027,0.03997485044579945
N5.HOG0062093,,0.404860046869997,0.223214866104672,1.81376829390989,0.0697134057728805,-0.851238681059447,0.183258083124435,-4.64502665610358,3.40032547761675e-06,8.95148810496254e-05,0.0001259383705533411,0.040678093688729176
N5.HOG0032784,,0.59052274397209,0.197729246510683,2.98652199607803,0.0028217053830373,-0.630742875416629,0.135882505841,-4.64182546173148,3.45344524806874e-06,9.06326829743777e-05,0.00012751100463779735,0.04131356550264634
N5.HOG0063558,,0.466235866597402,0.15232413963934,3.06081404891775,0.0022073613629828,-0.410673179389505,0.0886132751074733,-4.63444307742182,3.5789969569555e-06,9.36386707168938e-05,0.00013174012491094968,0.042815540596058646
N5.HOG0058409,,0.439726328037319,0.174973471331595,2.5131028417673,0.0119674442433218,-0.505515463836784,0.109125344824364,-4.63242947502621,3.61399465030336e-06,9.42642848438966e-05,0.00013262030061834078,0.043234218001579096
N5.HOG0060355,,0.414778401959391,0.22628603116963,1.83298279533862,0.0668051296850663,-0.877843827244729,0.189850198919936,-4.62387625737982,3.76634602324614e-06,9.79376629175439e-05,0.0001377883714865247,0.04505679747609358
N5.HOG0055394,,0.349944784009488,0.143543866783969,2.43789436532421,0.014773090322448,-0.376365389711451,0.0815215864937326,-4.61675742461644,3.89782435866547e-06,0.0001007403926129,0.00014173152827572956,0.04662967280271502
N5.HOG0022741,,0.273582107722784,0.209921066958208,1.30326180067125,0.192485397647636,-0.707617544786872,0.15339541557792,-4.61302928852801,3.968423572872e-06,0.0001022542464468,0.0001438613672795992,0.04747425120226773
N5.HOG0064840,,0.275399635276492,0.137034102543443,2.00971604998241,0.0444612502675437,-0.353060263635611,0.0765946462167005,-4.60946399095229,4.03708445757792e-06,0.0001033967821572,0.00014546879929519475,0.04829564136600466
N5.HOG0066701,,0.203043644824026,0.124607806330021,1.62946167502757,0.103215321707061,-0.312256929554682,0.0677919086938651,-4.60610912970119,4.10273137297988e-06,0.0001047625643947,0.00014739031656143636,0.04908097541495831
N5.HOG0060348,,0.493868670919015,0.236503633616456,2.08820753984665,0.0367791174754331,-1.0556273967851,0.229241687441798,-4.60486663034669,4.12730284653079e-06,0.0001050744539911,0.00014782911363187974,0.049374923953047836
N5.HOG0050233,,0.637260440409073,0.211429664636953,3.01405406617523,0.0025778186264284,-0.715787642448455,0.155517496707467,-4.60261808222694,4.17212875767e-06,0.0001054148414007,0.00014830800423883602,0.04991117632800621
N5.HOG0065991,,0.0445446072506009,0.116963991942097,0.380840346768027,0.703321718887483,-0.288436435307253,0.0626718007285008,-4.60233202101186,4.17786486905356e-06,0.0001054148414007,0.00014830800423883602,0.04997979742848774
